Name,Family,SMILES,Set (FP),FP Exp.
"(2E)-but-2-ene-1,4-diol",Alcohols,OC/C=C/CO,Validation,401
"(2R,3R,4R,5S)-hexane-1,2,3,4,5,6-hexol",Alcohols,OC[C@H](O)[C@@H](O)[C@H](O)[C@H](O)CO,Training,422
"(2S)-butane-1,2,4-triol",Alcohols,OCC[C@H](O)CO,Training,385
"(2Z)-but-2-ene-1,4-diol",Alcohols,OC/C=C\CO,Training,401
"(9Z,12Z,15Z)-octadeca-9,12,15-trien-1-ol",Alcohols,OCCCCCCCC/C=C\C/C=C\C/C=C\CC,Prediction,NA
"(9Z,12Z)-octadeca-9,12-dien-1-ol",Alcohols,CCCCC/C=C\C/C=C\CCCCCCCCO,Prediction,NA
(9Z)-hexadec-9-en-1-ol,Alcohols,CCCCCC/C=C\CCCCCCCCO,Prediction,NA
(9Z)-octadec-9-en-1-ol,Alcohols,CCCCCCCC/C=C\CCCCCCCCO,Prediction,NA
"2-butyl-2-ethylpropane-1,3-diol",Alcohols,CCCCC(CC)(CO)CO,Training,386
2-butyloctan-1-ol,Alcohols,CCCCCCC(CO)CCCC,Training,382
2-ethylbutan-1-ol,Alcohols,CCC(CC)CO,Validation,330
2-ethylhexan-1-ol,Alcohols,CCCCC(CC)CO,Test,346
"2-ethylhexane-1,3-diol",Alcohols,CCCC(O)C(CC)CO,Validation,409
2-methylbutan-1-ol,Alcohols,CCC(C)CO,Training,316
2-methylbutan-2-ol,Alcohols,CCC(C)(C)O,Training,294
2-methylheptan-2-ol,Alcohols,CCCCCC(C)(C)O,Prediction,NA
2-methylhexan-2-ol,Alcohols,CCCCC(C)(C)O,Prediction,NA
2-methylnonan-2-ol,Alcohols,CCCCCCCC(C)(C)O,Prediction,NA
2-methyloctan-2-ol,Alcohols,CCCCCCC(C)(C)O,Prediction,NA
2-methylpentan-1-ol,Alcohols,CCCC(C)CO,Training,319
2-methylpentan-2-ol,Alcohols,CCCC(C)(C)O,Prediction,NA
"2-methylpentane-2,4-diol",Alcohols,CC(O)CC(C)(C)O,Training,366
2-methylpropan-1-ol,Alcohols,OCC(C)C,Training,301
2-methylpropan-2-ol,Alcohols,CC(C)(C)O,Training,284
"2,2-bis(hydroxymethyl)propane-1,3-diol",Alcohols,OCC(CO)(CO)CO,Training,533
"2,2-diethylpropane-1,3-diol",Alcohols,CCC(CC)(CO)CO,Training,374
"2,2-dimethylpropane-1,3-diol",Alcohols,OCC(C)(C)CO,Training,371
"2,2,4-trimethylpentan-1-ol",Alcohols,OCC(C)(C)CC(C)C,Training,330
"2,2,4-trimethylpentane-1,3-diol",Alcohols,OCC(C)(C)C(O)C(C)C,Training,383
"2,3-dimethylbutane-2,3-diol",Alcohols,CC(C)(O)C(C)(C)O,Validation,350
"2,3,4-trimethylpentan-1-ol",Alcohols,OCC(C)C(C)C(C)C,Training,333
"2,4,4-trimethylpentan-1-ol",Alcohols,OCC(C)CC(C)(C)C,Training,333
2(R)-ethylhexan-1-ol,Alcohols,CCCC[C@@H](CC)CO,Prediction,NA
2(S)-ethylhexan-1-ol,Alcohols,CCCC[C@H](CC)CO,Prediction,NA
3-methylbutan-1-ol,Alcohols,OCCC(C)C,Training,316
3-methylbutan-2-ol,Alcohols,CC(O)C(C)C,Training,299
3-methyldecan-3-ol,Alcohols,CCCCCCCC(C)(O)CC,Prediction,NA
3-methylheptan-3-ol,Alcohols,CCCCC(C)(O)CC,Training,327
3-methylhexan-3-ol,Alcohols,CCCC(C)(O)CC,Prediction,NA
3-methylnonan-3-ol,Alcohols,CCCCCCC(C)(O)CC,Prediction,NA
3-methyloctan-3-ol,Alcohols,CCCCCC(C)(O)CC,Prediction,NA
3-methylpentan-1-ol,Alcohols,OCCC(C)CC,Training,331
3-methylpentan-3-ol,Alcohols,CCC(C)(O)CC,Training,297
"3,3-dimethylbutan-1-ol",Alcohols,OCCC(C)(C)C,Validation,321
4-methylpentan-2-ol,Alcohols,CC(C)CC(C)O,Validation,314
5-methylheptan-3-ol,Alcohols,CCC(C)CC(O)CC,Training,327
8-methylnonan-1-ol,Alcohols,OCCCCCCCC(C)C,Validation,378
butan-1-ol,Alcohols,CCCCO,Training,310
butan-2-ol,Alcohols,CCC(C)O,Training,296
"butane-1,1-diol",Alcohols,CCCC(O)O,Prediction,NA
"butane-1,2-diol",Alcohols,CCC(O)CO,Validation,363
"butane-1,3-diol",Alcohols,OCCC(C)O,Training,382
"butane-1,4-diol",Alcohols,OCCCCO,Training,407
"butane-2,3-diol",Alcohols,CC(O)C(C)O,Training,358
decan-1-ol,Alcohols,CCCCCCCCCCO,Training,378
decan-2-ol,Alcohols,CCCCCCCCC(C)O,Prediction,NA
decan-3-ol,Alcohols,CCCCCCCC(O)CC,Prediction,NA
decan-4-ol,Alcohols,CCCCCCC(O)CCC,Prediction,NA
dodecan-1-ol,Alcohols,CCCCCCCCCCCCO,Prediction,NA
dodecan-2-ol,Alcohols,CCCCCCCCCCC(C)O,Prediction,NA
dodecan-3-ol,Alcohols,CCCCCCCCCC(O)CC,Prediction,NA
dodecan-4-ol,Alcohols,CCCCCCCCC(O)CCC,Prediction,NA
eicosan-1-ol,Alcohols,CCCCCCCCCCCCCCCCCCCCO,Prediction,NA
eicosan-2-ol,Alcohols,CCCCCCCCCCCCCCCCCCC(C)O,Prediction,NA
eicosan-3-ol,Alcohols,CCCCCCCCCCCCCCCCCC(O)CC,Prediction,NA
eicosan-4-ol,Alcohols,CCCCCCCCCCCCCCCCC(O)CCC,Prediction,NA
"ethane-1,2-diol",Alcohols,OCCO,Training,383
ethanol,Alcohols,CCO,Training,286
heptadecan-1-ol,Alcohols,CCCCCCCCCCCCCCCCCO,Prediction,NA
heptadecan-2-ol,Alcohols,CCCCCCCCCCCCCCCC(C)O,Prediction,NA
heptadecan-3-ol,Alcohols,CCCCCCCCCCCCCCC(O)CC,Prediction,NA
heptadecan-4-ol,Alcohols,CCCCCCCCCCCCCC(O)CCC,Prediction,NA
heptan-1-ol,Alcohols,CCCCCCCO,Training,346
heptan-2-ol,Alcohols,CCCCCC(C)O,Training,332
heptan-3-ol,Alcohols,CCCCC(O)CC,Prediction,NA
heptan-4-ol,Alcohols,CCCC(O)CCC,Prediction,NA
hexadecan-1-ol,Alcohols,CCCCCCCCCCCCCCCCO,Prediction,NA
hexadecan-2-ol,Alcohols,CCCCCCCCCCCCCCC(C)O,Prediction,NA
hexadecan-3-ol,Alcohols,CCCCCCCCCCCCCC(O)CC,Prediction,NA
hexadecan-4-ol,Alcohols,CCCCCCCCCCCCC(O)CCC,Prediction,NA
hexan-1-ol,Alcohols,CCCCCCO,Validation,335
hexan-2-ol,Alcohols,CCCCC(C)O,Training,314
hexan-3-ol,Alcohols,CCCC(O)CC,Prediction,NA
"hexane-1,2,6-triol",Alcohols,OCCCCC(O)CO,Validation,471
"hexane-1,6-diol",Alcohols,OCCCCCCO,Training,420
"hexane-2,5-diol",Alcohols,CC(O)CCC(C)O,Training,374
methanol,Alcohols,CO,Test,284
nonadecan-1-ol,Alcohols,CCCCCCCCCCCCCCCCCCCO,Prediction,NA
nonadecan-2-ol,Alcohols,CCCCCCCCCCCCCCCCCC(C)O,Prediction,NA
nonadecan-3-ol,Alcohols,CCCCCCCCCCCCCCCCC(O)CC,Prediction,NA
nonadecan-4-ol,Alcohols,CCCCCCCCCCCCCCCC(O)CCC,Prediction,NA
nonan-1-ol,Alcohols,CCCCCCCCCO,Training,353
nonan-2-ol,Alcohols,CCCCCCCC(C)O,Prediction,NA
nonan-3-ol,Alcohols,CCCCCCC(O)CC,Prediction,NA
nonan-4-ol,Alcohols,CCCCCC(O)CCC,Prediction,NA
oct-1-en-3-ol,Alcohols,CCCCCC(O)C=C,Validation,341
octadecan-1-ol,Alcohols,CCCCCCCCCCCCCCCCCCO,Prediction,NA
octadecan-2-ol,Alcohols,CCCCCCCCCCCCCCCCC(C)O,Prediction,NA
octadecan-3-ol,Alcohols,CCCCCCCCCCCCCCCC(O)CC,Prediction,NA
octadecan-4-ol,Alcohols,CCCCCCCCCCCCCCC(O)CCC,Prediction,NA
octan-1-ol,Alcohols,CCCCCCCCO,Training,354
octan-2-ol,Alcohols,CCCCCCC(C)O,Training,358
octan-3-ol,Alcohols,CCCCCC(O)CC,Prediction,NA
octan-4-ol,Alcohols,CCCCC(O)CCC,Prediction,NA
pentadecan-1-ol,Alcohols,CCCCCCCCCCCCCCCO,Prediction,NA
pentadecan-2-ol,Alcohols,CCCCCCCCCCCCCC(C)O,Prediction,NA
pentadecan-3-ol,Alcohols,CCCCCCCCCCCCC(O)CC,Prediction,NA
pentadecan-4-ol,Alcohols,CCCCCCCCCCCC(O)CCC,Prediction,NA
pentan-1-ol,Alcohols,CCCCCO,Training,330
pentan-2-ol,Alcohols,CCCC(C)O,Training,314
pentan-3-ol,Alcohols,CCC(O)CC,Training,313
"pentane-1,1-diol",Alcohols,CCCCC(O)O,Prediction,NA
"pentane-1,2-diol",Alcohols,CCCC(O)CO,Prediction,NA
"pentane-1,3-diol",Alcohols,OCCC(O)CC,Prediction,NA
"pentane-1,4-diol",Alcohols,OCCCC(C)O,Prediction,NA
"pentane-1,5-diol",Alcohols,OCCCCCO,Training,402
"pentane-2,4-diol",Alcohols,CC(O)CC(C)O,Test,374
prop-2-en-1-ol,Alcohols,OCC=C,Validation,294
propan-1-ol,Alcohols,CCCO,Training,298
propan-2-ol,Alcohols,CC(C)O,Training,285
"propane-1,1-diol",Alcohols,CCC(O)O,Training,372
"propane-1,2-diol",Alcohols,OCC(C)O,Test,372
"propane-1,2,3-triol",Alcohols,OCC(O)CO,Training,433
"propane-1,3-diol",Alcohols,OCCCO,Training,352
tetradecan-1-ol,Alcohols,CCCCCCCCCCCCCCO,Validation,418
tetradecan-2-ol,Alcohols,CCCCCCCCCCCCC(C)O,Prediction,NA
tetradecan-3-ol,Alcohols,CCCCCCCCCCCC(O)CC,Prediction,NA
tetradecan-4-ol,Alcohols,CCCCCCCCCCC(O)CCC,Prediction,NA
tridecan-1-ol,Alcohols,CCCCCCCCCCCCCO,Validation,394
tridecan-2-ol,Alcohols,CCCCCCCCCCCC(C)O,Prediction,NA
tridecan-3-ol,Alcohols,CCCCCCCCCCC(O)CC,Prediction,NA
tridecan-4-ol,Alcohols,CCCCCCCCCC(O)CCC,Prediction,NA
undecan-1-ol,Alcohols,CCCCCCCCCCCO,Prediction,NA
undecan-2-ol,Alcohols,CCCCCCCCCC(C)O,Prediction,NA
undecan-3-ol,Alcohols,CCCCCCCCC(O)CC,Prediction,NA
undecan-4-ol,Alcohols,CCCCCCCC(O)CCC,Prediction,NA
(1-methylheptyl)benzene,Aromatics,CCCCCCC(C)c1ccccc1,Training,373
(1E)-prop-1-en-1-ylbenzene,Aromatics,C/C=C/c1ccccc1,Validation,325
(1Z)-prop-1-enylbenzene,Aromatics,C/C=C\c1ccccc1,Training,311
(2-methylbutyl)benzene,Aromatics,CCC(C)Cc1ccccc1,Validation,337
"(2,2-dimethylpropyl)benzene",Aromatics,CC(C)(C)Cc1ccccc1,Training,323
(2E)-phenylundec-2-ene,Aromatics,CCCCCCCC/C=C(\C)/c1ccccc1,Prediction,NA
(2Z)-phenylundec-2-ene,Aromatics,CCCCCCCC/C=C(/C)\c1ccccc1,Prediction,NA
"(3R,6R)-dimethyl-3-(beta-naphthyl)octane",Aromatics,CC[C@@H](C)C[C@@](C)(CC)c1ccc2ccccc2c1,Prediction,NA
"(3R,6S)-dimethyl-3-(beta-naphthyl)octane",Aromatics,CC[C@@H](C)C[C@](C)(CC)c1ccc2ccccc2c1,Prediction,NA
"(3S,6R)-dimethyl-3-(beta-naphthyl)octane",Aromatics,CC[C@H](C)C[C@@](C)(CC)c1ccc2ccccc2c1,Prediction,NA
"(3S,6S)-dimethyl-3-(beta-naphthyl)octane",Aromatics,CC[C@H](C)C[C@](C)(CC)c1ccc2ccccc2c1,Prediction,NA
1-butylnaphthalene,Aromatics,CCCCc1cccc2ccccc12,Prediction,NA
1-ethyl-2-isopropylbenzene,Aromatics,CC(C)c1ccccc1C,Training,331
1-ethyl-2-methylbenzene,Aromatics,CCc1ccccc1C,Test,312
"1-ethyl-2,3-dimethylbenzene",Aromatics,CCc1cccc(C)c1C,Training,338
"1-ethyl-2,4-dimethylbenzene",Aromatics,CCc1ccc(C)cc1C,Training,330
1-ethyl-3-methylbenzene,Aromatics,CCc1cccc(C)c1,Validation,311
1-ethyl-3-methylnaphthalene,Aromatics,CCc1cc(C)cc2ccccc12,Prediction,NA
1-ethyl-4-methylbenzene,Aromatics,CCc1ccc(C)cc1,Training,309
1-ethylanthracene,Aromatics,Cc1cccc2Cc3ccccc3Cc12,Prediction,NA
1-ethylnaphthalene,Aromatics,CCc1cccc2ccccc12,Prediction,NA
1-ethyltetralin,Aromatics,CCC1CCCc2ccccc12,Prediction,NA
1-methyl-2-ethenylbenzene,Aromatics,C=Cc1ccccc1C,Training,320
1-methyl-3-(propan-2-yl)benzene,Aromatics,Cc1cccc(c1)C(C)C,Training,323
1-methyl-3-ethenylbenzene,Aromatics,C=Cc1cccc(C)c1,Training,324
1-methyl-3-propylbenzene,Aromatics,CCCc1cccc(C)c1,Training,325
1-methyl-4-(1-ethylpentyl)benzene,Aromatics,CCCCC(CC)c1ccc(C)cc1,Prediction,NA
1-methyl-4-ethenylbenzene,Aromatics,C=Cc1ccc(C)cc1,Training,319
1-methyl-4-heptylbenzene,Aromatics,CCCCCCCc1ccc(C)cc1,Prediction,NA
1-methyl-4-pentylbenzene,Aromatics,CCCCCc1ccc(C)cc1,Prediction,NA
1-methylnaphthalene,Aromatics,Cc1cccc2ccccc12,Prediction,NA
1-methyltetralin,Aromatics,CC1CCCc2ccccc12,Prediction,NA
"1,1-diphenylethane",Aromatics,CC(c1ccccc1)c1ccccc1,Test,402
"1,2-diethylbenzene",Aromatics,CCc1ccccc1CC,Training,330
"1,2-dimethyl-3-propylbenzene",Aromatics,CCCc1cccc(C)c1C,Test,345
"1,2-dimethylbenzene",Aromatics,Cc1ccccc1C,Validation,290
"1,2-diphenylbenzene",Aromatics,c1ccc(cc1)c1ccccc1c1ccccc1,Training,436
"1,2-diphenylethane",Aromatics,c1ccc(cc1)CCc1ccccc1,Training,402
"1,2,3-trimethylbenzene",Aromatics,Cc1cccc(C)c1C,Test,317
"1,2,3,4-tetramethylbenzene",Aromatics,Cc1ccc(C)c(C)c1C,Training,341
"1,2,3,5-tetramethylbenzene",Aromatics,Cc1cc(C)c(C)c(C)c1,Training,336
"1,2,4-triethylbenzene",Aromatics,CCc1ccc(CC)c(CC)c1,Training,353
"1,2,4-trimethyl-5-hexadecylbenzene",Aromatics,CCCCCCCCCCCCCCCCc1cc(C)c(C)cc1C,Prediction,NA
"1,2,4-trimethylbenzene",Aromatics,Cc1ccc(C)c(C)c1,Training,319
"1,2,4,5-tetramethylbenzene",Aromatics,Cc1cc(C)c(C)cc1C,Validation,328
"1,3-di(propan-2-yl)benzene",Aromatics,CC(C)c1cccc(c1)C(C)C,Training,349
"1,3-diethyl-5-butylbenzene",Aromatics,CCCCc1cc(CC)cc(CC)c1,Prediction,NA
"1,3-diethylbenzene",Aromatics,CCc1cccc(CC)c1,Validation,329
"1,3-diphenylbenzene",Aromatics,c1ccc(cc1)c1cccc(c1)c1ccccc1,Training,464
"1,3-xylene",Aromatics,Cc1cccc(C)c1,Validation,298
"1,3,5-triethylbenzene",Aromatics,CCc1cc(CC)cc(CC)c1,Training,354
"1,3,5-triisopropylbenzene",Aromatics,CC(C)c1cc(cc(c1)C(C)C)C(C)C,Training,360
"1,3,5-trimethylbenzene",Aromatics,Cc1cc(C)cc(C)c1,Validation,318
"1,4-diethylbenzene",Aromatics,CCc1ccc(CC)cc1,Validation,329
"1,4-diisopropylbenzene",Aromatics,CC(C)c1ccc(cc1)C(C)C,Validation,349
"1,4-dimethylbenzene",Aromatics,Cc1ccc(C)cc1,Training,298
"1,4-dioctyltetralin",Aromatics,CCCCCCCCC1CCc2ccccc2C1CCCCCCCC,Prediction,NA
"1,4-diphenylbenzene",Aromatics,c1ccc(cc1)c1ccc(cc1)c1ccccc1,Training,480
"2-ethyl-1,4-dimethylbenzene",Aromatics,CCc1cc(C)ccc1C,Validation,329
2-methyl-2-(beta-naphthyl)decane,Aromatics,CCCCCCCCC(C)(C)c1ccc2ccccc2c1,Prediction,NA
2-methyl-2-(beta-naphthyl)hexane,Aromatics,CCCCC(C)(C)c1ccc2ccccc2c1,Prediction,NA
2-methyl-2-phenylheptadecane,Aromatics,CCCCCCCCCCCCCCCC(C)(C)c1ccccc1,Prediction,NA
2-methyl-2-phenylpentadecane,Aromatics,CCCCCCCCCCCCCC(C)(C)c1ccccc1,Prediction,NA
2-methyl-4-isobutyl-4-phenylundecane,Aromatics,CCCCCCCC(CC(C)C)(CC(C)C)c1ccccc1,Prediction,NA
2-methyl-6-propylnaphthalene,Aromatics,CCCc1ccc2cc(C)ccc2c1,Prediction,NA
2-octylnaphthalene,Aromatics,CCCCCCCCc1ccc2ccccc2c1,Prediction,NA
2-phenyl-2-methylbutane,Aromatics,CCC(C)(C)c1ccccc1,Test,338
2-propylindane,Aromatics,CCCC1Cc2ccccc2C1,Prediction,NA
2-propylnaphthalene,Aromatics,CCCc1ccc2ccccc2c1,Prediction,NA
2-tert-butylnaphthalene,Aromatics,CC(C)(C)c1ccc2ccccc2c1,Prediction,NA
"2,2-diphenylpropane",Aromatics,CC(C)(c1ccccc1)c1ccccc1,Training,383
"2,6-dimethylnaphthalene",Aromatics,Cc1ccc2cc(C)ccc2c1,Prediction,NA
2(R)-phenyloctane,Aromatics,CCCCCC[C@@H](C)c1ccccc1,Prediction,NA
2(R)-phenyltetradecane,Aromatics,CCCCCCCCCCCC[C@@H](C)c1ccccc1,Prediction,NA
2(R)-phenylundecane,Aromatics,CCCCCCCCC[C@@H](C)c1ccccc1,Prediction,NA
2(S)-phenyloctane,Aromatics,CCCCCC[C@H](C)c1ccccc1,Prediction,NA
2(S)-phenyltetradecane,Aromatics,CCCCCCCCCCCC[C@H](C)c1ccccc1,Prediction,NA
2(S)-phenylundecane,Aromatics,CCCCCCCCC[C@H](C)c1ccccc1,Prediction,NA
3-ethyl-3-(beta-naphthyl)nonane,Aromatics,CCCCCCC(CC)(CC)c1ccc2ccccc2c1,Prediction,NA
"4-ethyl-1,2-dimethylbenzene",Aromatics,CCc1ccc(C)c(C)c1,Training,331
4-isopropyltoluene,Aromatics,Cc1ccc(cc1)C(C)C,Training,320
4-methyl-4-(beta-naphthyl)heptane,Aromatics,CCCC(C)(CCC)c1ccc2ccccc2c1,Prediction,NA
4(R)-phenyldodecane,Aromatics,CCCCCCCC[C@@H](CCC)c1ccccc1,Prediction,NA
4(S)-phenyldodecane,Aromatics,CCCCCCCC[C@H](CCC)c1ccccc1,Prediction,NA
5-butyl-5-phenyltetradecane,Aromatics,CCCCCCCCCC(CCCC)(CCCC)c1ccccc1,Prediction,NA
5-ethyltetralin,Aromatics,CCc1cccc2CCCCc12,Prediction,NA
5-methyl-5-(beta-naphthyl)nonane,Aromatics,CCCC[C@@](C)(CCCC)c1ccc2ccccc2c1,Prediction,NA
5-methyltetralin,Aromatics,Cc1cccc2CCCCc12,Prediction,NA
5(R)-phenyleicosane,Aromatics,CCCCCCCCCCCCCCC[C@@H](CCCC)c1ccccc1,Prediction,NA
5(S)-phenyleicosane,Aromatics,CCCCCCCCCCCCCCC[C@H](CCCC)c1ccccc1,Prediction,NA
7-phenyltridecane,Aromatics,CCCCCCC(CCCCCC)c1ccccc1,Prediction,NA
alpha-methylstyrene,Aromatics,CC(=C)c1ccccc1,Validation,313
benzene,Aromatics,c1ccccc1,Test,262
biphenyl,Aromatics,c1ccc(cc1)c1ccccc1,Test,386
butyltetralin,Aromatics,CCCCC1CCCc2ccccc12,Prediction,NA
cyclohexylbenzene,Aromatics,C1CCC(CC1)c1ccccc1,Training,372
diphenylmethane,Aromatics,c1ccc(cc1)Cc1ccccc1,Training,403
eicosylbenzene,Aromatics,CCCCCCCCCCCCCCCCCCCCc1ccccc1,Prediction,NA
ethenylbenzene,Aromatics,C=Cc1ccccc1,Training,305
ethylbenzene,Aromatics,CCc1ccccc1,Training,288
heptadecylbenzene,Aromatics,CCCCCCCCCCCCCCCCCc1ccccc1,Prediction,NA
hexadecylbenzene,Aromatics,CCCCCCCCCCCCCCCCc1ccccc1,Prediction,NA
indane,Aromatics,c1ccc2CCCc2c1,Training,322
isobutylbenzene,Aromatics,CC(C)Cc1ccccc1,Training,325
isopentylbenzene,Aromatics,CC(C)CCc1ccccc1,Validation,335
isopropylbenzene,Aromatics,CC(C)c1ccccc1,Training,304
n-butylbenzene,Aromatics,CCCCc1ccccc1,Training,323
n-decylbenzene,Aromatics,CCCCCCCCCCc1ccccc1,Training,380
n-dodecylbenzene,Aromatics,CCCCCCCCCCCCc1ccccc1,Training,414
n-heptylbenzene,Aromatics,CCCCCCCc1ccccc1,Validation,368
n-hexylbenzene,Aromatics,CCCCCCc1ccccc1,Validation,353
n-propylbenzene,Aromatics,CCCc1ccccc1,Training,303
n-undecylbenzene,Aromatics,CCCCCCCCCCCc1ccccc1,Training,417
nonadecylbenzene,Aromatics,CCCCCCCCCCCCCCCCCCCc1ccccc1,Prediction,NA
nonylbenzene,Aromatics,CCCCCCCCCc1ccccc1,Training,372
octadecylbenzene,Aromatics,CCCCCCCCCCCCCCCCCCc1ccccc1,Prediction,NA
octylbenzene,Aromatics,CCCCCCCCc1ccccc1,Validation,380
octyltetralin,Aromatics,CCCCCCCCC1CCCc2ccccc12,Prediction,NA
octylxylene,Aromatics,CCCCCCCCc1cccc(C)c1C,Prediction,NA
pentadecylbenzene,Aromatics,CCCCCCCCCCCCCCCc1ccccc1,Prediction,NA
pentamethylbenzene,Aromatics,Cc1cc(C)c(C)c(C)c1C,Test,364
pentylbenzene,Aromatics,CCCCCc1ccccc1,Training,338
propyltetralin,Aromatics,CCCC1CCCc2ccccc12,Prediction,NA
sec-(R)-butylbenzene,Aromatics,CC[C@@H](C)c1ccccc1,Prediction,NA
sec-(R)-butyltetralin,Aromatics,CC[C@@H](C)C1CCCc2ccccc12,Prediction,NA
sec-(S)-butylbenzene,Aromatics,CC[C@H](C)c1ccccc1,Prediction,NA
sec-(S)-butyltetralin,Aromatics,CC[C@H](C)C1CCCc2ccccc12,Prediction,NA
sec-butylbenzene,Aromatics,CCC(C)c1ccccc1,Validation,325
tert-butylbenzene,Aromatics,CC(C)(C)c1ccccc1,Training,333
tert-butyltetralin,Aromatics,CC(C)(C)C1CCCc2ccccc12,Prediction,NA
tetradecylbenzene,Aromatics,CCCCCCCCCCCCCCc1ccccc1,Prediction,NA
tetralin,Aromatics,C1CCc2ccccc2C1,Training,350
toluene,Aromatics,Cc1ccccc1,Training,277
tridecylbenzene,Aromatics,CCCCCCCCCCCCCc1ccccc1,Prediction,NA
(1R)-1-phenylethan-1-ol,Aromatics (Oxygenates),C[C@@H](O)c1ccccc1,Training,358
(2-methylphenyl)methanol,Aromatics (Oxygenates),OCc1ccccc1C,Training,377
(3-methylphenyl)methanol,Aromatics (Oxygenates),OCc1cccc(C)c1,Training,378
[4-(hydroxymethyl)phenyl]methanol,Aromatics (Oxygenates),OCc1ccc(CO)cc1,Training,461
{4-[(benzoyloxy)methyl]cyclohexyl}methyl benzoate,Aromatics (Oxygenates),O=C(OCC1CCC(CC1)COC(=O)c1ccccc1)c1ccccc1,Training,434
1-phenylpropan-1-ol,Aromatics (Oxygenates),CCC(O)c1ccccc1,Training,363
1-phenylpropan-2-ol,Aromatics (Oxygenates),CC(O)Cc1ccccc1,Training,358
2-ethylphenol,Aromatics (Oxygenates),CCc1ccccc1O,Training,351
2-furylmethanol,Aromatics (Oxygenates),OCc1ccco1,Training,356
2-methylphenol,Aromatics (Oxygenates),Cc1ccccc1O,Training,354
2-phenylethanol,Aromatics (Oxygenates),OCCc1ccccc1,Training,369
2-phenylpropan-1-ol,Aromatics (Oxygenates),OCC(C)c1ccccc1,Training,366
2-phenylpropan-2-ol,Aromatics (Oxygenates),CC(C)(O)c1ccccc1,Training,360
"2,6-di-tert-butyl-p-cresol",Aromatics (Oxygenates),Cc1cc(c(O)c(c1)C(C)(C)C)C(C)(C)C,Validation,390
3-ethylphenol,Aromatics (Oxygenates),CCc1cccc(O)c1,Training,367
3-methylphenol,Aromatics (Oxygenates),Cc1cccc(O)c1,Training,368
3-phenylpropan-1-ol,Aromatics (Oxygenates),OCCCc1ccccc1,Training,373
4-(2-methylbutan-2-yl)phenol,Aromatics (Oxygenates),CCC(C)(C)c1ccc(O)cc1,Validation,384
4-[2-(4-hydroxyphenyl)propan-2-yl]phenol,Aromatics (Oxygenates),Oc1ccc(cc1)C(C)(C)c1ccc(O)cc1,Training,480
4-ethylphenol,Aromatics (Oxygenates),CCc1ccc(O)cc1,Validation,373
4-methylphenol,Aromatics (Oxygenates),Cc1ccc(O)cc1,Training,368
"4-tert-butylbenzene-1,2-diol",Aromatics (Oxygenates),Oc1ccc(cc1O)C(C)(C)C,Training,403
4-tert-butylphenol,Aromatics (Oxygenates),Oc1ccc(cc1)C(C)(C)C,Training,386
"benzene-1,2-diol",Aromatics (Oxygenates),Oc1ccccc1O,Training,400
"benzene-1,3-diol",Aromatics (Oxygenates),Oc1cccc(O)c1,Validation,400
"benzene-1,4-diol",Aromatics (Oxygenates),Oc1ccc(O)cc1,Training,438
benzyl benzoate,Aromatics (Oxygenates),O=C(OCc1ccccc1)c1ccccc1,Training,418
benzyl ethanoate,Aromatics (Oxygenates),CC(=O)OCc1ccccc1,Training,363
benzyl methanoate,Aromatics (Oxygenates),O=COCc1ccccc1,Training,355
butyl benzoate,Aromatics (Oxygenates),CCCCOC(=O)c1ccccc1,Training,379
di-n-butyl phthalate,Aromatics (Oxygenates),CCCCOC(=O)c1ccccc1C(=O)OCCCC,Training,430
di-n-decyl phthalate,Aromatics (Oxygenates),CCCCCCCCCCOC(=O)c1ccccc1C(=O)OCCCCCCCCCC,Validation,505
di-n-hexyl phthalate,Aromatics (Oxygenates),CCCCCCOC(=O)c1ccccc1C(=O)OCCCCCC,Test,466
di-n-nonyl phthalate,Aromatics (Oxygenates),CCCCCCCCCOC(=O)c1ccccc1C(=O)OCCCCCCCCC,Training,489
diethyl phthalate,Aromatics (Oxygenates),CCOC(=O)c1ccccc1C(=O)OCC,Training,390
diisobutyl phthalate,Aromatics (Oxygenates),CC(C)COC(=O)c1ccccc1C(=O)OCC(C)C,Training,434
diisodecyl phthalate,Aromatics (Oxygenates),CC(C)CCCCCCCOC(=O)c1ccccc1C(=O)OCCCCCCCC(C)C,Training,505
dimethyl isophthalate,Aromatics (Oxygenates),COC(=O)c1cccc(c1)C(=O)OC,Training,411
dimethyl phthalate,Aromatics (Oxygenates),COC(=O)c1ccccc1C(=O)OC,Training,419
dioctyl phthalate,Aromatics (Oxygenates),CCCCC(CC)COC(=O)c1ccccc1C(=O)OCC(CC)CCCC,Training,489
ethyl benzoate,Aromatics (Oxygenates),CCOC(=O)c1ccccc1,Training,357
methyl benzoate,Aromatics (Oxygenates),COC(=O)c1ccccc1,Validation,355
n-propyl benzoate,Aromatics (Oxygenates),CCCOC(=O)c1ccccc1,Test,371
nonylphenol,Aromatics (Oxygenates),CCCCCCCCCc1ccccc1O,Validation,411
phenol,Aromatics (Oxygenates),Oc1ccccc1,Training,353
phenylmethanol,Aromatics (Oxygenates),OCc1ccccc1,Training,374
"xylen-2,4-ol",Aromatics (Oxygenates),Cc1ccc(O)c(C)c1,Training,368
"xylen-2,6-ol",Aromatics (Oxygenates),Oc1c(C)cccc1C,Test,346
"(1R,2S,5R)-5-methyl-2-propan-2-ylcyclohexan-1-ol",Cyclic (Oxygenates),C[C@H]1CC[C@H](C(C)C)[C@@H](O)C1,Test,366
1-methylcyclohexan-1-ol,Cyclic (Oxygenates),CC1(O)CCCCC1,Validation,338
"1,2,3,6-tetrahydrobenzyl alcohol",Cyclic (Oxygenates),OCC1CCC=CC1,Training,346
"1,4-cyclohexanedimethanol",Cyclic (Oxygenates),OCC1CCC(CO)CC1,Training,434
2-(4-methylcyclohex-3-en-1-yl)propan-2-ol,Cyclic (Oxygenates),CC1=CCC(CC1)C(C)(C)O,Test,367
4-methyl-cyclohexane-methanol,Cyclic (Oxygenates),OCC1CCC(C)CC1,Training,354
5-methyloxolan-2-one,Cyclic (Oxygenates),CC1CCC(=O)O1,Validation,354
cis-2-methylcyclohexanol,Cyclic (Oxygenates),C[C@H]1CCCC[C@H]1O,Training,331
cis-3-methylcyclohexanol,Cyclic (Oxygenates),C[C@H]1CCC[C@@H](O)C1,Training,335
cis-4-methylcyclohexanol,Cyclic (Oxygenates),C[C@@H]1CC[C@H](O)CC1,Validation,343
cyclohexanol,Cyclic (Oxygenates),OC1CCCCC1,Training,341
cyclohexyl ethanoate,Cyclic (Oxygenates),CC(=O)OC1CCCCC1,Training,330
cyclohexyl methanoate,Cyclic (Oxygenates),O=COC1CCCCC1,Training,324
"dimethyl-1,4-cyclohexanedicarboxylate",Cyclic (Oxygenates),COC(=O)C1CCC(CC1)C(=O)OC,Validation,383
oxepan-2-one,Cyclic (Oxygenates),O=C1CCCCCO1,Training,382
oxetan-2-one,Cyclic (Oxygenates),C1COC1=O,Training,343
oxolan-2-one,Cyclic (Oxygenates),O=C1CCCO1,Training,371
trans-2-methylcyclohexanol,Cyclic (Oxygenates),C[C@@H]1CCCC[C@H]1O,Validation,331
trans-3-methylcyclohexanol,Cyclic (Oxygenates),C[C@@H]1CCC[C@@H](O)C1,Training,335
"(9Z,12Z,15Z)-octadeca-9,12,15-trienoic acid",Esters,CC/C=C\C/C=C\C/C=C\CCCCCCCC(=O)O,Prediction,NA
"(9Z,12Z)-octadeca-9,12-dienoic acid",Esters,CCCCC/C=C\C/C=C\CCCCCCCC(=O)O,Prediction,NA
(9Z)-octadec-9-enoic acid,Esters,CCCCCCCC/C=C\CCCCCCCC(=O)O,Prediction,NA
1-ethylpropyl ethanoate,Esters,CCC(CC)OC(=O)C,Training,318
1-methylethenyl ethanoate,Esters,CC(=C)OC(=O)C,Training,283
"1,2-dimethylpropyl ethanoate",Esters,CC(=O)OC(C)C(C)C,Test,316
2-ethylhexyl (9Z)-octadec-9-enoate,Esters,CCCCCCCC/C=C\CCCCCCCC(=O)OCCC(CC)CCC,Prediction,NA
2-ethylhexyl ethanoate,Esters,CCCCC(CC)COC(=O)C,Validation,344
2-ethylhexyl hexadecanoate,Esters,CCCCCCCCCCCCCCCC(=O)OCCC(CC)CCC,Prediction,NA
2-ethylhexyl octadecanoate,Esters,CCCCCCCCCCCCCCCCCC(=O)OCCC(CC)CCC,Prediction,NA
2-ethylhexyl prop-2-enoate,Esters,CCCCC(CC)COC(=O)C=C,Test,355
"2,2-dimethylpropyl methanoate",Esters,O=COCC(C)(C)C,Validation,311
"2,2-dimethylpropyl propanoate",Esters,CCC(=O)OCC(C)(C)C,Training,334
"2,3-bis[[(9Z,12Z,15Z)-octadeca-9,12,15-trienoyl]oxy]propyl",Esters,CC/C=C\C/C=C\C/C=C\CCCCCCCC(=O)OC(COC(=O)CCCCCCC/C=C\C/C=C\C/C=C\CC)COC(=O)CCCCCCC/C=C\C/C=C\C/C=C\CC,Prediction,NA
"2,3-bis[[(9Z,12Z)-octadeca-9,12-dienoyl]oxy]propyl",Esters,CCCCC/C=C\C/C=C\CCCCCCCC(=O)OC(COC(=O)CCCCCCC/C=C\C/C=C\CCCCC)COC(=O)CCCCCCC/C=C\C/C=C\CCCCC,Prediction,NA
"2,3-bis[[(9Z)-octadec-9-enoyl]oxy]propyl (9Z)-octadec-9-enoate",Esters,CCCCCCCC/C=C\CCCCCCCC(=O)OC(COC(=O)CCCCCCC/C=C\CCCCCCCC)COC(=O)CCCCCCC/C=C\CCCCCCCC,Prediction,NA
"2,3-di(butanoyloxy)propyl butanoate",Esters,CCCC(=O)OC(COC(=O)CCC)COC(=O)CCC,Prediction,NA
"2,3-di(dodecanoyloxy)propyl dodecanoate",Esters,CCCCCCCCCCCC(=O)OC(COC(=O)CCCCCCCCCCC)COC(=O)CCCCCCCCCCC,Prediction,NA
"2,3-di(hexadecanoyloxy)propyl hexadecanoate",Esters,CCCCCCCCCCCCCCCC(=O)OC(COC(=O)CCCCCCCCCCCCCCC)COC(=O)CCCCCCCCCCCCCCC,Prediction,NA
"2,3-di(octadecanoyloxy)propyl octadecanoate",Esters,CCCCCCCCCCCCCCCCCC(=O)OC(COC(=O)CCCCCCCCCCCCCCCCC)COC(=O)CCCCCCCCCCCCCCCCC,Prediction,NA
"2,3-di(tetradecanoyloxy)propyl tetradecanoate",Esters,CCCCCCCCCCCCCC(=O)OC(COC(=O)CCCCCCCCCCCCC)COC(=O)CCCCCCCCCCCCC,Prediction,NA
allyl 2-methylpropenoate,Esters,C=CCOC(=O)C(=C)C,Training,306
allyl ethanoate,Esters,CC(=O)OCC=C,Training,295
allylidene diethanoate,Esters,C=CC(OC(=O)C)OC(=O)C,Test,355
"butyl (9Z,12Z,15Z)-octadeca-9,12,15-trienoate",Esters,CCCCOC(=O)CCCCCCC/C=C\C/C=C\C/C=C\CC,Prediction,NA
"butyl (9Z,12Z)-octadeca-9,12-dienoate",Esters,CCCCC/C=C\C/C=C\CCCCCCCC(=O)OCCCC,Prediction,NA
butyl (9Z)-hexadec-9-enoate,Esters,CCCCCC/C=C\CCCCCCCC(=O)OCCCC,Prediction,NA
butyl (9Z)-octadec-9-enoate,Esters,CCCCCCCC/C=C\CCCCCCCC(=O)OCCCC,Prediction,NA
butyl 2-methylprop-2-enoate,Esters,CCCCOC(=O)C(=C)C,Training,322
butyl butanoate,Esters,CCCCOC(=O)CCC,Training,326
butyl decanoate,Esters,CCCCCCCCCC(=O)OCCCC,Prediction,NA
butyl dodecanoate,Esters,CCCCCCCCCCCC(=O)OCCCC,Prediction,NA
butyl eicosanoate,Esters,CCCCCCCCCCCCCCCCCCCC(=O)OCCCC,Prediction,NA
butyl ethanoate,Esters,CCCCOC(=O)C,Training,295
butyl hexadecanoate,Esters,CCCCCCCCCCCCCCCC(=O)OCCCC,Prediction,NA
butyl methanoate,Esters,CCCCOC=O,Training,291
butyl nonanoate,Esters,CCCCCCCCC(=O)OCCCC,Prediction,NA
butyl octanoate,Esters,CCCCCCCC(=O)OCCCC,Prediction,NA
butyl prop-2-enoate,Esters,CCCCOC(=O)C=C,Validation,312
butyl propanoate,Esters,CCCCOC(=O)CC,Training,305
butyl tetradecanoate,Esters,CCCCCCCCCCCCCC(=O)OCCCC,Prediction,NA
butyl tridecanoate,Esters,CCCCCCCCCCCCC(=O)OCCCC,Prediction,NA
butyl undecanoate,Esters,CCCCCCCCCCC(=O)OCCCC,Prediction,NA
decanoic acid,Esters,CCCCCCCCCC(=O)O,Prediction,NA
decyl decanoate,Esters,CCCCCCCCCCOC(=O)CCCCCCCCC,Prediction,NA
decyl dodecanoate,Esters,CCCCCCCCCCCC(=O)OCCCCCCCCCC,Prediction,NA
decyl ethanoate,Esters,CCCCCCCCCCOC(=O)C,Validation,378
decyl hexadecanoate,Esters,CCCCCCCCCCCCCCCC(=O)OCCCCCCCCCC,Prediction,NA
decyl methanoate,Esters,CCCCCCCCCCOC=O,Training,373
decyl pentanoate,Esters,CCCCCCCCCCOC(=O)CCCC,Prediction,NA
decyl tetradecanoate,Esters,CCCCCCCCCCCCCC(=O)OCCCCCCCCCC,Prediction,NA
di(2-ethylhexyl)hexanedioate,Esters,CCCCC(CC)COC(=O)CCCCC(=O)OCC(CC)CCCC,Test,466
diallyl (2Z)-but-2-enedioate,Esters,C=CCOC(=O)/C=C\C(=O)OCC=C,Training,393
dibutyl (2Z)-but-2-enedioate,Esters,CCCCOC(=O)/C=C\C(=O)OCCCC,Training,413
dibutyl decanedioate,Esters,CCCCOC(=O)CCCCCCCCC(=O)OCCCC,Training,451
diethyl (2Z)-but-2-enedioate,Esters,CCOC(=O)/C=C\C(=O)OCC,Training,366
diethyl butanedioate,Esters,CCOC(=O)CCC(=O)OCC,Training,363
diethyl carbonate,Esters,CCOC(=O)OCC,Training,298
diethyl hexanedioate,Esters,CCOC(=O)CCCCC(=O)OCC,Prediction,NA
diethyl oxalate,Esters,CCOC(=O)C(=O)OCC,Training,395
diethyl propanedioate,Esters,CCOC(=O)CC(=O)OCC,Training,366
dihexyl hexanedioate,Esters,CCCCCCOC(=O)CCCCC(=O)OCCCCCC,Training,464
dimethyl (2Z)-but-2-enedioate,Esters,COC(=O)/C=C\C(=O)OC,Training,368
dimethyl propanedioate,Esters,COC(=O)CC(=O)OC,Training,363
dioctyl hexanedioate,Esters,CCCCCCCCOC(=O)CCCCC(=O)OCCCCCCCC,Training,452
dodecyl (9Z)-octadec-9-enoate,Esters,CCCCCCCCCCCCOC(=O)CCCCCCC/C=C\CCCCCCCC,Prediction,NA
dodecyl butanoate,Esters,CCCCCCCCCCCCOC(=O)CCC,Training,433
dodecyl dodecanoate,Esters,CCCCCCCCCCCCOC(=O)CCCCCCCCCCC,Prediction,NA
dodecyl ethanoate,Esters,CCCCCCCCCCCCOC(=O)C,Training,389
dodecyl pentanoate,Esters,CCCCCCCCCCCCOC(=O)CCCC,Prediction,NA
dodecyl propanoate,Esters,CCCCCCCCCCCCOC(=O)CC,Training,421
dodecyl tetradecanoate,Esters,CCCCCCCCCCCCCC(=O)OCCCCCCCCCCCC,Prediction,NA
"ethenyl 2,2-dimethylpropanoate",Esters,C=COC(=O)C(C)(C)C,Training,282
ethenyl ethanoate,Esters,CC(=O)OC=C,Training,265
ethenyl methanoate,Esters,C=COC=O,Training,256
ethenyl propanoate,Esters,CCC(=O)OC=C,Validation,274
"ethyl (2E,4E)-hexa-2,4-dienoate",Esters,CCOC(=O)/C=C/C=C/C,Training,342
"ethyl (2E,4Z)-deca-2,4-dienoate",Esters,CCCCC/C=C\C=C\C(=O)OCC,Validation,386
ethyl (2E)-but-2-enoate,Esters,CCOC(=O)/C=C/C,Training,275
ethyl (2E)-dec-2-enoate,Esters,CCCCCCC/C=C/C(=O)OCC,Validation,364
ethyl (2E)-hex-3-enoate,Esters,CC/C=C/CC(=O)OCC,Test,332
ethyl (2E)-oct-2-enoate,Esters,CCCCC/C=C/C(=O)OCC,Training,371
ethyl (2E)-oct-4-enoate,Esters,CCC/C=C/CCC(=O)OCC,Training,352
"ethyl (9Z,12Z,15Z)-octadeca-9,12,15-trienoate",Esters,CC/C=C\C/C=C\C/C=C\CCCCCCCC(=O)OCC,Prediction,NA
"ethyl (9Z,12Z)-octadeca-9,12-dienoate",Esters,CCCCC/C=C\C/C=C\CCCCCCCC(=O)OCC,Prediction,NA
ethyl (9Z)-hexadec-9-enoate,Esters,CCCCCC/C=C\CCCCCCCC(=O)OCC,Prediction,NA
ethyl (9Z)-octadec-9-enoate,Esters,CCCCCCCC/C=C\CCCCCCCC(=O)OCC,Training,365
ethyl 2-hydroxypropanoate,Esters,CCOC(=O)C(C)O,Training,319
ethyl 2-methylprop-2-enoate,Esters,CCOC(=O)C(=C)C,Training,293
ethyl 4-oxopentanoate,Esters,CCOC(=O)CCC(=O)C,Prediction,NA
"ethyl buta-2,3-dienoate",Esters,CCOC(=O)C=C=C,Test,320
ethyl butanoate,Esters,CCCC(=O)OCC,Training,297
ethyl decanoate,Esters,CCCCCCCCCC(=O)OCC,Training,375
ethyl dodecanoate,Esters,CCCCCCCCCCCC(=O)OCC,Training,386
ethyl eicosanoate,Esters,CCCCCCCCCCCCCCCCCCCC(=O)OCC,Test,444
ethyl ethanoate,Esters,CCOC(=O)C,Training,269
ethyl hept-6-enoate,Esters,C=CCCCCC(=O)OCC,Training,352
ethyl heptadecanoate,Esters,CCCCCCCCCCCCCCCCC(=O)OCC,Training,428
ethyl heptanoate,Esters,CCCCCCC(=O)OCC,Training,347
ethyl hexadecanoate,Esters,CCCCCCCCCCCCCCCC(=O)OCC,Test,386
ethyl hexanoate,Esters,CCCCCC(=O)OCC,Training,326
ethyl isobutanoate,Esters,CCOC(=O)C(C)C,Validation,287
ethyl isopentanoate,Esters,CCOC(=O)CC(C)C,Training,298
ethyl methanoate,Esters,CCOC=O,Test,253
ethyl nonanoate,Esters,CCCCCCCCC(=O)OCC,Training,367
ethyl octadecanoate,Esters,CCCCCCCCCCCCCCCCCC(=O)OCC,Training,441
ethyl octanoate,Esters,CCCCCCCC(=O)OCC,Training,354
ethyl pentanoate,Esters,CCCCC(=O)OCC,Training,307
ethyl prop-2-enoate,Esters,CCOC(=O)C=C,Training,282
ethyl propanoate,Esters,CCOC(=O)CC,Training,285
ethyl tetradecanoate,Esters,CCCCCCCCCCCCCC(=O)OCC,Test,386
ethyl tridecanoate,Esters,CCCCCCCCCCCCC(=O)OCC,Prediction,NA
ethyl undec-10-enoate,Esters,C=CCCCCCCCCC(=O)OCC,Training,386
ethyl undecanoate,Esters,CCCCCCCCCCC(=O)OCC,Training,386
ethylene glycol diethanoate,Esters,CC(=O)OCCOC(=O)C,Training,361
ethylene glycol diprop-2-enoate,Esters,C=CC(=O)OCCOC(=O)C=C,Validation,373
glycerol triethanoate,Esters,CC(=O)OC(COC(=O)C)COC(=O)C,Prediction,NA
heptyl ethanoate,Esters,CCCCCCCOC(=O)C,Validation,349
hexadecyl dodecanoate,Esters,CCCCCCCCCCCCCCCCOC(=O)CCCCCCCCCCC,Prediction,NA
hexadecyl ethanoate,Esters,CCCCCCCCCCCCCCCCOC(=O)C,Prediction,NA
hexadecyl pentanoate,Esters,CCCCCCCCCCCCCCCCOC(=O)CCCC,Prediction,NA
hexyl (9Z)-octadec-9-enoate,Esters,CCCCCCCC/C=C\CCCCCCCC(=O)OCCCCCC,Prediction,NA
hexyl decanoate,Esters,CCCCCCCCCC(=O)OCCCCCC,Prediction,NA
hexyl dodecanoate,Esters,CCCCCCCCCCCC(=O)OCCCCCC,Prediction,NA
hexyl ethanoate,Esters,CCCCCCOC(=O)C,Training,310
hexyl hexadecanoate,Esters,CCCCCCCCCCCCCCCC(=O)OCCCCCC,Prediction,NA
hexyl methanoate,Esters,CCCCCCOC=O,Validation,330
hexyl tetradecanoate,Esters,CCCCCCCCCCCCCC(=O)OCCCCCC,Prediction,NA
isobutyl (9Z)-octadec-9-enoate,Esters,CCCCCCCC/C=C\CCCCCCCC(=O)OCC(C)C,Prediction,NA
isobutyl 2-methylpropanoate,Esters,CC(C)COC(=O)C(C)C,Training,311
isobutyl 2-methylpropenoate,Esters,CC(C)COC(=O)C(=C)C,Training,314
isobutyl butanoate,Esters,CCCC(=O)OCC(C)C,Training,330
isobutyl decanoate,Esters,CCCCCCCCCC(=O)OCC(C)C,Prediction,NA
isobutyl dodecanoate,Esters,CCCCCCCCCCCC(=O)OCC(C)C,Prediction,NA
isobutyl ethanoate,Esters,CC(C)COC(=O)C,Training,291
isobutyl hexadecanoate,Esters,CCCCCCCCCCCCCCCC(=O)OCC(C)C,Prediction,NA
isobutyl methanoate,Esters,O=COCC(C)C,Training,302
isobutyl octadecanoate,Esters,CCCCCCCCCCCCCCCCCC(=O)OCC(C)C,Prediction,NA
isobutyl prop-2-enoate,Esters,C=CC(=O)OCC(C)C,Validation,304
isobutyl propanoate,Esters,CCC(=O)OCC(C)C,Training,320
isobutyl tetradecanoate,Esters,CCCCCCCCCCCCCC(=O)OCC(C)C,Prediction,NA
isopentyl butanoate,Esters,CCCC(=O)OCCC(C)C,Training,331
isopentyl decanoate,Esters,CCCCCCCCCC(=O)OCCC(C)C,Prediction,NA
isopentyl dodecanoate,Esters,CCCCCCCCCCCC(=O)OCCC(C)C,Training,386
isopentyl ethanoate,Esters,CC(C)CCOC(=O)C,Training,298
isopentyl hexanoate,Esters,CCCCCC(=O)OCCC(C)C,Validation,358
isopentyl isopentanoate,Esters,CC(C)CCOC(=O)CC(C)C,Training,345
isopentyl methanoate,Esters,O=COCCC(C)C,Training,314
isopentyl propanoate,Esters,CCC(=O)OCCC(C)C,Training,321
isopentyl tetradecanoate,Esters,CCCCCCCCCCCCCC(=O)OCCC(C)C,Prediction,NA
isopropyl (9Z)-octadec-9-enoate,Esters,CCCCCCCC/C=C\CCCCCCCC(=O)OC(C)C,Prediction,NA
isopropyl decanoate,Esters,CCCCCCCCCC(=O)OC(C)C,Prediction,NA
isopropyl ethanoate,Esters,CC(C)OC(=O)C,Training,275
isopropyl hexadecanoate,Esters,CCCCCCCCCCCCCCCC(=O)OC(C)C,Prediction,NA
isopropyl octadecanoate,Esters,CCCCCCCCCCCCCCCCCC(=O)OC(C)C,Prediction,NA
methyl (11E)-octadec-11-enoate,Esters,CCCCCC/C=C/CCCCCCCCCC(=O)OC,Test,335
methyl (11Z)-eicos-11-enoate,Esters,CCCCCCCC/C=C\CCCCCCCCCC(=O)OC,Training,386
methyl (11Z)-octadec-11-enoate,Esters,CCCCCC/C=C\CCCCCCCCCC(=O)OC,Validation,335
methyl (13Z)-docos-13-enoate,Esters,CCCCCCCC/C=C\CCCCCCCCCCCC(=O)OC,Training,306
"methyl (2E,4E)-hexa-2,4-dienoate",Esters,C/C=C/C=C/C(=O)OC,Prediction,NA
methyl (2E)-non-2-enoate,Esters,CCCCCC/C=C/C(=O)OC,Validation,364
methyl (2E)-oct-2-enoate,Esters,CCCCC/C=C/C(=O)OC,Training,356
"methyl (2E)-penta-2,4-dienoate",Esters,COC(=O)/C=C/C=C,Training,310
"methyl (2Z)-penta-2,4-dienoate",Esters,COC(=O)/C=C\C=C,Training,310
methyl (3E)-hex-3-enoate,Esters,CC/C=C/CC(=O)OC,Test,319
methyl (3E)-non-3-enoate,Esters,CCCCC/C=C/CC(=O)OC,Training,361
methyl (3E)-pent-3-enoate,Esters,C/C=C/CC(=O)OC,Validation,297
methyl (3Z)-non-3-enoate,Esters,CCCCC/C=C\CC(=O)OC,Training,361
"methyl (4Z,7Z,10Z,13Z,16Z,19Z)-docosa-4,7,10,13,16,19-hexaenoate",Esters,C/C=C\C/C=C\C/C=C\C/C=C\C/C=C\C/C=C\CCCC(=O)OC,Validation,366
"methyl (5Z,8Z,11Z,14Z,17Z)-eicosa-5,8,11,14,17-pentaenoate",Esters,CC/C=C\C/C=C\C/C=C\C/C=C\C/C=C\CCCC(=O)OC,Training,377
"methyl (6E,9E,12E)-octadeca-6,9,12-trienoate",Esters,CCCCC/C=C/C/C=C/C/C=C/CCCCC(=O)OC,Training,335
"methyl (6E,9E,12Z)-octadeca-6,9,12-trienoate",Esters,CCCCC/C=C\C/C=C/C/C=C/CCCCC(=O)OC,Training,335
"methyl (6E,9Z,12E)-octadeca-6,9,12-trienoate",Esters,CCCCC/C=C/C/C=C\C/C=C/CCCCC(=O)OC,Training,335
"methyl (6E,9Z,12Z)-octadeca-6,9,12-trienoate",Esters,CCCCC/C=C\C/C=C\C/C=C/CCCCC(=O)OC,Training,335
"methyl (6Z,9E,12E)-octadeca-6,9,12-trienoate",Esters,CCCCC/C=C/C/C=C/C/C=C\CCCCC(=O)OC,Training,335
"methyl (6Z,9E,12Z)-octadeca-6,9,12-trienoate",Esters,CCCCC/C=C\C/C=C/C/C=C\CCCCC(=O)OC,Training,335
"methyl (6Z,9Z,12E)-octadeca-6,9,12-trienoate",Esters,CCCCC/C=C/C/C=C\C/C=C\CCCCC(=O)OC,Training,335
"methyl (6Z,9Z,12Z)-octadeca-6,9,12-trienoate",Esters,CCCCC/C=C\C/C=C\C/C=C\CCCCC(=O)OC,Training,335
"methyl (9Z,12Z,15Z)-octadeca-9,12,15-trienoate",Esters,CC/C=C\C/C=C\C/C=C\CCCCCCCC(=O)OC,Validation,386
"methyl (9Z,12Z)-octadeca-9,12-dienoate",Esters,CCCCC/C=C\C/C=C\CCCCCCCC(=O)OC,Training,386
methyl (9Z)-hexadec-9-enoate,Esters,CCCCCC/C=C\CCCCCCCC(=O)OC,Validation,386
methyl (9Z)-octadec-9-enoate,Esters,CCCCCCCC/C=C\CCCCCCCC(=O)OC,Training,386
methyl 10-undecenoate,Esters,C=CCCCCCCCCC(=O)OC,Training,373
methyl 2-methylprop-2-enoate,Esters,COC(=O)C(=C)C,Validation,284
methyl 2-methylpropanoate,Esters,COC(=O)C(C)C,Validation,276
methyl but-3-enoate,Esters,COC(=O)CC=C,Test,293
methyl butanoate,Esters,CCCC(=O)OC,Training,287
methyl decanoate,Esters,CCCCCCCCCC(=O)OC,Test,367
methyl dodecanoate,Esters,CCCCCCCCCCCC(=O)OC,Training,386
methyl eicosanoate,Esters,CCCCCCCCCCCCCCCCCCCC(=O)OC,Training,386
methyl ethanoate,Esters,COC(=O)C,Validation,263
methyl heneicosanoate,Esters,CCCCCCCCCCCCCCCCCCCCC(=O)OC,Validation,386
methyl heptadecanoate,Esters,CCCCCCCCCCCCCCCCC(=O)OC,Training,383
methyl heptanoate,Esters,CCCCCCC(=O)OC,Validation,325
methyl hex-5-enoate,Esters,C=CCCCC(=O)OC,Training,319
methyl hexadecanoate,Esters,CCCCCCCCCCCCCCCC(=O)OC,Validation,425
methyl hexanoate,Esters,CCCCCC(=O)OC,Validation,316
methyl methanoate,Esters,COC=O,Validation,254
methyl nonadecanoate,Esters,CCCCCCCCCCCCCCCCCCC(=O)OC,Validation,386
methyl nonanoate,Esters,CCCCCCCCC(=O)OC,Training,360
methyl octadecanoate,Esters,CCCCCCCCCCCCCCCCCC(=O)OC,Training,388
methyl octanoate,Esters,CCCCCCCC(=O)OC,Training,342
methyl pent-4-enoate,Esters,COC(=O)CCC=C,Training,302
methyl pentadecanoate,Esters,CCCCCCCCCCCCCCC(=O)OC,Validation,386
methyl prop-2-enoate,Esters,COC(=O)C=C,Training,270
methyl propanoate,Esters,CCC(=O)OC,Validation,271
methyl tetradecanoate,Esters,CCCCCCCCCCCCCC(=O)OC,Prediction,NA
methyl tridecanoate,Esters,CCCCCCCCCCCCC(=O)OC,Validation,386
methyl undecanoate,Esters,CCCCCCCCCCC(=O)OC,Prediction,NA
n-butyl octadecanoate,Esters,CCCCCCCCCCCCCCCCCC(=O)OCCCC,Test,433
n-propyl ethanoate,Esters,CCCOC(=O)C,Validation,288
n-propyl methanoate,Esters,CCCOC=O,Validation,270
n-propyl propanoate,Esters,CCCOC(=O)CC,Training,292
neopentyl ethanoate,Esters,CC(=O)OCC(C)(C)C,Training,316
nonyl ethanoate,Esters,CCCCCCCCCOC(=O)C,Training,372
nonyl methanoate,Esters,CCCCCCCCCOC=O,Training,360
octadecanoic acid,Esters,CCCCCCCCCCCCCCCCCC(=O)O,Prediction,NA
octadecyl ethanoate,Esters,CCCCCCCCCCCCCCCCCCOC(=O)C,Prediction,NA
octyl (Z)-octadec-9-enoate,Esters,CCCCCCCC/C=C\CCCCCCCC(=O)OCCCCCCCC,Prediction,NA
octyl butanoate,Esters,CCCCCCCCOC(=O)CCC,Training,378
octyl dodecanoate,Esters,CCCCCCCCCCCC(=O)OCCCCCCCC,Prediction,NA
octyl ethanoate,Esters,CCCCCCCCOC(=O)C,Training,359
octyl hexadecanoate,Esters,CCCCCCCCCCCCCCCC(=O)OCCCCCCCC,Prediction,NA
octyl methanoate,Esters,CCCCCCCCOC=O,Validation,353
octyl pentanoate,Esters,CCCCCCCCOC(=O)CCCC,Prediction,NA
octyl tetradecanoate,Esters,CCCCCCCCCCCCCC(=O)OCCCCCCCC,Prediction,NA
"pentyl (9Z,12Z,15Z)-octadeca-9,12,15-trienoate",Esters,CCCCCOC(=O)CCCCCCC/C=C\C/C=C\C/C=C\CC,Prediction,NA
"pentyl (9Z,12Z)-octadeca-9,12-dienoate",Esters,CCCCC/C=C\C/C=C\CCCCCCCC(=O)OCCCCC,Prediction,NA
pentyl (9Z)-hexadec-9-enoate,Esters,CCCCCC/C=C\CCCCCCCC(=O)OCCCCC,Prediction,NA
pentyl (9Z)-octadec-9-enoate,Esters,CCCCCCCC/C=C\CCCCCCCC(=O)OCCCCC,Prediction,NA
pentyl butanoate,Esters,CCCCCOC(=O)CCC,Training,345
pentyl decanoate,Esters,CCCCCCCCCC(=O)OCCCCC,Prediction,NA
pentyl dodecanoate,Esters,CCCCCCCCCCCC(=O)OCCCCC,Prediction,NA
pentyl eicosanoate,Esters,CCCCCCCCCCCCCCCCCCCC(=O)OCCCCC,Prediction,NA
pentyl ethanoate,Esters,CCCCCOC(=O)C,Training,312
pentyl hexadecanoate,Esters,CCCCCCCCCCCCCCCC(=O)OCCCCC,Prediction,NA
pentyl methanoate,Esters,CCCCCOC=O,Training,319
pentyl nonanoate,Esters,CCCCCCCCC(=O)OCCCCC,Prediction,NA
pentyl octadecanoate,Esters,CCCCCCCCCCCCCCCCCC(=O)OCCCCC,Prediction,NA
pentyl propanoate,Esters,CCCCCOC(=O)CC,Test,336
pentyl tetradecanoate,Esters,CCCCCCCCCCCCCC(=O)OCCCCC,Prediction,NA
pentyl tridecanoate,Esters,CCCCCCCCCCCCC(=O)OCCCCC,Prediction,NA
pentyl undecanoate,Esters,CCCCCCCCCCC(=O)OCCCCC,Prediction,NA
"propyl (9Z,12Z,15Z)-octadeca-9,12,15-trienoate",Esters,CCCOC(=O)CCCCCCC/C=C\C/C=C\C/C=C\CC,Prediction,NA
"propyl (9Z,12Z)-octadeca-9,12-dienoate",Esters,CCCCC/C=C\C/C=C\CCCCCCCC(=O)OCCC,Prediction,NA
propyl (9Z)-hexadec-9-enoate,Esters,CCCCCC/C=C\CCCCCCCC(=O)OCCC,Prediction,NA
propyl (9Z)-octadec-9-enoate,Esters,CCCCCCCC/C=C\CCCCCCCC(=O)OCCC,Prediction,NA
propyl 2-methylprop-2-enoate,Esters,CCCOC(=O)C(=C)C,Training,322
propyl decanoate,Esters,CCCCCCCCCC(=O)OCCC,Prediction,NA
propyl dodecanoate,Esters,CCCCCCCCCCCC(=O)OCCC,Prediction,NA
propyl eicosanoate,Esters,CCCCCCCCCCCCCCCCCCCC(=O)OCCC,Prediction,NA
propyl hexadecanoate,Esters,CCCCCCCCCCCCCCCC(=O)OCCC,Prediction,NA
propyl nonanoate,Esters,CCCCCCCCC(=O)OCCC,Prediction,NA
propyl octadecanoate,Esters,CCCCCCCCCCCCCCCCCC(=O)OCCC,Prediction,NA
propyl prop-2-enoate,Esters,CCCOC(=O)C=C,Training,311
propyl tetradecanoate,Esters,CCCCCCCCCCCCCC(=O)OCCC,Prediction,NA
propyl tridecanoate,Esters,CCCCCCCCCCCCC(=O)OCCC,Prediction,NA
propyl undecanoate,Esters,CCCCCCCCCCC(=O)OCCC,Prediction,NA
sec-butyl (9Z)-octadec-9-enoate,Esters,CCCCCCCC/C=C\CCCCCCCC(=O)OC(C)CC,Prediction,NA
sec-butyl ethanoate,Esters,CCC(C)OC(=O)C,Training,255
sec-butyl hexadecanoate,Esters,CCCCCCCCCCCCCCCC(=O)OC(C)CC,Prediction,NA
sec-butyl methanoate,Esters,CC(CC)OC=O,Training,299
sec-butyl octadecanoate,Esters,CCCCCCCCCCCCCCCCCC(=O)OC(C)CC,Prediction,NA
tert-butyl 2-methylprop-2-enoate,Esters,CC(=C)C(=O)OC(C)(C)C,Training,300
tert-butyl butanoate,Esters,CCCC(=O)OC(C)(C)C,Training,320
tert-butyl ethanoate,Esters,CC(=O)OC(C)(C)C,Training,287
tert-butyl methanoate,Esters,O=COC(C)(C)C,Training,264
tetradecyl ethanoate,Esters,CCCCCCCCCCCCCCOC(=O)C,Prediction,NA
tetradecyl methanoate,Esters,CCCCCCCCCCCCCCOC=O,Training,433
tetradecyl pentanoate,Esters,CCCCCCCCCCCCCCOC(=O)CCCC,Prediction,NA
undecyl butanoate,Esters,CCCCCCCCCCCOC(=O)CCC,Training,421
undecyl ethanoate,Esters,CCCCCCCCCCCOC(=O)C,Training,398
undecyl methanoate,Esters,CCCCCCCCCCCOC=O,Training,385
undecyl propanoate,Esters,CCCCCCCCCCCOC(=O)CC,Training,410
1-methyl-3-dodecylcyclohexane,Naphtenes,CCCCCCCCCCCCC1CCCC(C)C1,Prediction,NA
1-methyl-3-heptylcyclohexane,Naphtenes,CCCCCCCC1CCCC(C)C1,Prediction,NA
1-methyl-3-nonylcyclohexane,Naphtenes,CCCCCCCCCC1CCCC(C)C1,Prediction,NA
1-methyl-3-pentylcyclohexane,Naphtenes,CCCCCC1CCCC(C)C1,Prediction,NA
1-methyl-3-propylcyclohexane,Naphtenes,CCCC1CCCC(C)C1,Prediction,NA
1-methyl-3-undecylcyclohexane,Naphtenes,CCCCCCCCCCCC1CCCC(C)C1,Prediction,NA
1-methyl-4-(prop-1-en-2-yl)cyclohex-1-ene,Naphtenes,CC1=CCC(CC1)C(=C)C,Training,318
"1-methyl-4-(propan-2-yl)cyclohexa-1,3-diene",Naphtenes,CC1=CC=C(CC1)C(C)C,Training,319
"1-methyl-4-(propan-2-yl)cyclohexa-1,4-diene",Naphtenes,CC1=CCC(=CC1)C(C)C,Training,324
"1-trans-3,5-trimethylcyclohexane",Naphtenes,C[C@H]1C[C@H](C)C[C@H](C)C1,Training,292
"1,1-diethylcyclohexane",Naphtenes,CCC1(CC)CCCCC1,Training,322
"1,1-dimethylcyclohexane",Naphtenes,CC1(C)CCCCC1,Training,280
"1,1-dimethylcyclopentane",Naphtenes,CC1(C)CCCC1,Validation,257
"1,2,4-trimethyl-5-hexadecylcyclohexane",Naphtenes,CCCCCCCCCCCCCCCCC1CC(C)C(C)CC1C,Prediction,NA
"1,3-dimethyl-5-(1-ethylbutyl)cyclohexane",Naphtenes,CCCC(CC)C1CC(C)CC(C)C1,Prediction,NA
"1,3-dimethyl-5-(1-ethylhexyl)cyclohexane",Naphtenes,CCCCCC(CC)C1CC(C)CC(C)C1,Prediction,NA
"1,3-dimethyladamantane",Naphtenes,CC12CC3CC(C1)CC(C)(C3)C2,Training,325
"1,3,5-trimethylcyclohexane",Naphtenes,CC1CC(C)CC(C)C1,Prediction,NA
14-hydroanthracene,Naphtenes,C1CCC2CC3CCCCC3CC2C1,Prediction,NA
16-hydropyrene,Naphtenes,C1CC2CCC3CCCC4CCC(C1)C2C34,Prediction,NA
2-decyldecalin,Naphtenes,CCCCCCCCCCC1CCC2CCCCC2C1,Prediction,NA
2-ethyl-7-butyldecalin,Naphtenes,CCCCC1CCC2CCC(CC)CC2C1,Prediction,NA
2-hexyldecalin,Naphtenes,CCCCCCC1CCC2CCCCC2C1,Prediction,NA
2-methyl-2-cyclohexylpentadecane,Naphtenes,CCCCCCCCCCCCCC(C)(C)C1CCCCC1,Prediction,NA
2-methyl-2-decalyldecane,Naphtenes,CCCCCCCCC(C)(C)C1CCCC2CCCCC12,Prediction,NA
2-methyl-3(R)-cyclohexylnonane,Naphtenes,CCCCCC[C@@H](C(C)C)C1CCCCC1,Prediction,NA
2-methyl-3(S)-cyclohexylnonane,Naphtenes,CCCCCC[C@H](C(C)C)C1CCCCC1,Prediction,NA
"2-methyl-5-propan-2-ylcyclohexa-1,3-diene",Naphtenes,CC1=CCC(C=C1)C(C)C,Training,322
2-methyldecalin,Naphtenes,CC1CCC2CCCCC2C1,Prediction,NA
2-norbornene,Naphtenes,C1CC2C=CC1C2,Training,258
"2,4-dimethyldecalin",Naphtenes,CC1CC2CCCCC2C(C)C1,Prediction,NA
2(R)-cyclohexyltetradecane,Naphtenes,CCCCCCCCCCCC[C@@H](C)C1CCCCC1,Prediction,NA
2(S)-cyclohexyltetradecane,Naphtenes,CCCCCCCCCCCC[C@H](C)C1CCCCC1,Prediction,NA
3-methylidene-6-(propan-2-yl)cyclohex-1-ene,Naphtenes,C=C1CCC(C=C1)C(C)C,Validation,322
"3,3-dimethyl-2-methylidenebicyclo[2.2.1]heptane",Naphtenes,C=C1C2CCC(C2)C1(C)C,Training,309
3(R)-cyclohexylhexane,Naphtenes,CCC[C@@H](CC)C1CCCCC1,Prediction,NA
3(R)-methyl-3-decalylnonane,Naphtenes,CCCCCC[C@@](C)(CC)C1CCCC2CCCCC12,Prediction,NA
3(S)-cyclohexylhexane,Naphtenes,CCC[C@H](CC)C1CCCCC1,Prediction,NA
3(S)-methyl-3-decalylnonane,Naphtenes,CCCCCC[C@](C)(CC)C1CCCC2CCCCC12,Prediction,NA
4-methyl-4-decalylheptane,Naphtenes,CCCC(C)(CCC)C1CCCC2CCCCC12,Prediction,NA
"4,6,6-trimethylbicyclo[3.1.1]hept-3-ene",Naphtenes,CC1=CCC2CC1C2(C)C,Training,303
5-ethylidene-2-norbornene,Naphtenes,CC=C1CC2CC1C=C2,Training,311
5(R)-cyclohexyleicosane,Naphtenes,CCCCCCCCCCCCCCC[C@@H](CCCC)C1CCCCC1,Prediction,NA
5(S)-cyclohexyleicosane,Naphtenes,CCCCCCCCCCCCCCC[C@H](CCCC)C1CCCCC1,Prediction,NA
"6,6-dimethyl-4-methylidenebicyclo[3.1.1]heptane",Naphtenes,C=C1CCC2CC1C2(C)C,Training,304
bicyclohexyl,Naphtenes,C1CCC(CC1)C1CCCCC1,Training,347
butylcyclohexane,Naphtenes,CCCCC1CCCCC1,Training,321
butylcyclopentane,Naphtenes,CCCCC1CCCC1,Test,308
butyldecalin,Naphtenes,CCCCC1CCCC2CCCCC12,Prediction,NA
"cis-1,2-dimethylcyclohexane",Naphtenes,C[C@@H]1CCCC[C@@H]1C,Training,284
"cis-1,2-dimethylcyclopentane",Naphtenes,C[C@@H]1CCC[C@@H]1C,Training,269
"cis-1,3-dimethylcyclohexane",Naphtenes,C[C@@H]1CCC[C@H](C)C1,Training,279
"cis-1,4-dimethylcyclohexane",Naphtenes,C[C@H]1CC[C@@H](C)CC1,Training,279
cis-decalin,Naphtenes,C1CC[C@@H]2CCCC[C@@H]2C1,Training,323
cyclodecane,Naphtenes,C1CCCCCCCCC1,Validation,338
"cyclododeca-1,5,9-triene",Naphtenes,C1C=CCCC=CCCC=CC1,Training,360
cycloheptane,Naphtenes,C1CCCCCC1,Training,267
"cyclohexa-1,3-diene",Naphtenes,C1CC=CC=C1,Training,257
"cyclohexa-1,4-diene",Naphtenes,C1C=CCC=C1,Training,262
cyclohexane,Naphtenes,C1CCCCC1,Training,253
cyclononane,Naphtenes,C1CCCCCCCC1,Test,316
"cycloocta-1,3,5,7-tetraene",Naphtenes,C1=CC=CC=CC=C1,Validation,295
"cycloocta-1,5-diene",Naphtenes,C1C=CCCC=CC1,Training,308
cyclooctane,Naphtenes,C1CCCCCCC1,Test,303
"cyclopenta-1,3-diene",Naphtenes,C1C=CC=C1,Training,273
cyclopentane,Naphtenes,C1CCCC1,Training,236
decylcyclohexane,Naphtenes,CCCCCCCCCCC1CCCCC1,Prediction,NA
dicyclopentadiene,Naphtenes,C1=CC2C3C=CC(C3)C2C1,Test,305
dodecylcyclohexane,Naphtenes,CCCCCCCCCCCCC1CCCCC1,Prediction,NA
eicosylcyclohexane,Naphtenes,CCCCCCCCCCCCCCCCCCCCC1CCCCC1,Prediction,NA
ethenylnorbornene,Naphtenes,C=CC1CC2C=CC1C2,Training,300
ethylcyclohexane,Naphtenes,CCC1CCCCC1,Training,295
ethylcyclopentane,Naphtenes,CCC1CCCC1,Training,269
heptadecylcyclohexane,Naphtenes,CCCCCCCCCCCCCCCCCC1CCCCC1,Prediction,NA
heptylcyclohexane,Naphtenes,CCCCCCCC1CCCCC1,Prediction,NA
hexadecylcyclohexane,Naphtenes,CCCCCCCCCCCCCCCCC1CCCCC1,Prediction,NA
hexylcyclohexane,Naphtenes,CCCCCCC1CCCCC1,Prediction,NA
isopropylcyclohexane,Naphtenes,CC(C)C1CCCCC1,Training,308
isopropylcyclopentane,Naphtenes,CC(C)C1CCCC1,Training,287
methylcyclohexane,Naphtenes,CC1CCCCC1,Training,267
methylcyclopentadiene,Naphtenes,CC1=CC=CC1,Training,322
methylcyclopentane,Naphtenes,CC1CCCC1,Training,246
methylenecyclopentane,Naphtenes,C=C1CCCC1,Training,254
nonadecylcyclohexane,Naphtenes,CCCCCCCCCCCCCCCCCCCC1CCCCC1,Prediction,NA
nonylcyclohexane,Naphtenes,CCCCCCCCCC1CCCCC1,Prediction,NA
octadecylcyclohexane,Naphtenes,CCCCCCCCCCCCCCCCCCC1CCCCC1,Prediction,NA
octylcyclohexane,Naphtenes,CCCCCCCCC1CCCCC1,Prediction,NA
octyldecalin,Naphtenes,CCCCCCCCC1CCCC2CCCCC12,Prediction,NA
pentadecylcyclohexane,Naphtenes,CCCCCCCCCCCCCCCC1CCCCC1,Prediction,NA
pentylcyclohexane,Naphtenes,CCCCCC1CCCCC1,Test,339
prop-2-enylcyclohexane,Naphtenes,C=CCC1CCCCC1,Test,302
prop-2-enylcyclopentane,Naphtenes,C=CCC1CCCC1,Training,285
propylcyclohexane,Naphtenes,CCCC1CCCCC1,Training,304
propylcyclopentane,Naphtenes,CCCC1CCCC1,Validation,289
propyldecalin,Naphtenes,CCCC1CCCC2CCCCC12,Prediction,NA
sec-(R)butyldecalin,Naphtenes,CC[C@@H](C)C1CCCC2CCCCC12,Prediction,NA
sec-(S)butyldecalin,Naphtenes,CC[C@H](C)C1CCCC2CCCCC12,Prediction,NA
terpinolene,Naphtenes,CC1=CCC(=C(C)C)CC1,Training,311
tert-butylcyclohexane,Naphtenes,CC(C)(C)C1CCCCC1,Training,315
tert-butyldecalin,Naphtenes,CC(C)(C)C1CCCC2CCCCC12,Prediction,NA
tetradecylcyclohexane,Naphtenes,CCCCCCCCCCCCCCC1CCCCC1,Prediction,NA
"trans-1,2-dimethylcyclohexane",Naphtenes,C[C@@H]1CCCC[C@H]1C,Training,280
"trans-1,3-dimethylcyclohexane",Naphtenes,C[C@@H]1CCC[C@@H](C)C1,Training,281
"trans-1,4-dimethylcyclohexane",Naphtenes,C[C@@H]1CC[C@@H](C)CC1,Training,284
trans-decalin,Naphtenes,C1CC[C@@H]2CCCC[C@H]2C1,Training,325
tridecylcyclohexane,Naphtenes,CCCCCCCCCCCCCC1CCCCC1,Prediction,NA
undecylcyclohexane,Naphtenes,CCCCCCCCCCCC1CCCCC1,Prediction,NA
"(11E)-(10R,13R)-dimethyldoeicos-11-ene",Olefins,CCCCCCCCC[C@@H](C)/C=C/[C@H](C)CCCCCCCCC,Prediction,NA
"(11E)-(10R,13S)-dimethyldoeicos-11-ene",Olefins,CCCCCCCCC[C@@H](C)/C=C/[C@@H](C)CCCCCCCCC,Prediction,NA
"(11E)-(10S,13S)-dimethyldoeicos-11-ene",Olefins,CCCCCCCCC[C@H](C)/C=C/[C@@H](C)CCCCCCCCC,Prediction,NA
"(11Z)-(10R,13R)-dimethyldoeicos-11-ene",Olefins,CCCCCCCCC[C@@H](C)/C=C\[C@H](C)CCCCCCCCC,Prediction,NA
"(11Z)-(10R,13S)-dimethyldoeicos-11-ene",Olefins,CCCCCCCCC[C@@H](C)/C=C\[C@@H](C)CCCCCCCCC,Prediction,NA
"(11Z)-(10S,13S)-dimethyldoeicos-11-ene",Olefins,CCCCCCCCC[C@H](C)/C=C\[C@@H](C)CCCCCCCCC,Prediction,NA
"(2E,4E)-hexa-2,4-diene",Olefins,C/C=C/C=C/C,Validation,266
(2E)-2-hexene,Olefins,CCC/C=C/C,Training,246
(2E)-2-pentene,Olefins,CC/C=C/C,Training,228
(2E)-3-heptene,Olefins,CCC/C=C/CC,Test,267
(2E)-3-methylpent-2-ene,Olefins,CC/C(=C/C)/C,Training,246
(2E)-4-methylpent-2-ene,Olefins,C/C=C/C(C)C,Training,239
(2E)-hept-2-ene,Olefins,CCCC/C=C/C,Training,272
(2E)-oct-2-ene,Olefins,CCCCC/C=C/C,Validation,294
"(2Z,4E)-hexa-2,4-diene",Olefins,C/C=C/C=C\C,Test,266
(2Z)-3-methylpent-2-ene,Olefins,CC/C(=C\C)/C,Training,245
(2Z)-4-methylpent-2-ene,Olefins,C/C=C\C(C)C,Validation,237
(2Z)-but-2-ene,Olefins,C/C=C\C,Training,200
(2Z)-hept-2-ene,Olefins,CCCC/C=C\C,Training,265
(2Z)-hex-2-ene,Olefins,CCC/C=C\C,Training,247
(2Z)-oct-2-ene,Olefins,CCCCC/C=C\C,Training,294
(2Z)-pent-2-ene,Olefins,CC/C=C\C,Training,226
"(3E)-1,3-hexadiene",Olefins,CC/C=C/C=C,Test,254
(3E)-3-hexene,Olefins,CC/C=C/CC,Training,261
(3E)-3-octene,Olefins,CCCC/C=C/CC,Validation,282
(3Z)-hept-3-ene,Olefins,CCC/C=C\CC,Validation,264
(3Z)-hex-3-ene,Olefins,CC/C=C\CC,Training,245
(3Z)-oct-3-ene,Olefins,CCCC/C=C\CC,Training,290
(4E)-4-butyldodec-4-ene,Olefins,CCCCCCC/C=C(\CCC)/CCCC,Prediction,NA
"(4E)-hexa-1,4-diene",Olefins,C=CC/C=C/C,Training,248
(4E)-oct-4-ene,Olefins,CCC/C=C/CCC,Training,281
(4Z)-4-butyldodec-4-ene,Olefins,CCCCCCC/C=C(/CCC)\CCCC,Prediction,NA
(4Z)-5-butyldodec-4-ene,Olefins,CCCCCCC/C(=C\CCC)/CCCC,Prediction,NA
"(4Z)-hexa-1,4-diene",Olefins,C=CC/C=C\C,Training,248
(4Z)-oct-4-ene,Olefins,CCC/C=C\CCC,Training,290
(5E)-5-butyldodec-4-ene,Olefins,CCCCCCC/C(=C/CCC)/CCCC,Prediction,NA
"(6E)-2,6,7-trimethyltridec-2,6-diene",Olefins,CCCCCC/C(=C(\C)/CCC=C(C)C)/C,Prediction,NA
"(6Z)-2,6,7-trimethyltridec-2,6-diene",Olefins,CCCCCC/C(=C(/C)\CCC=C(C)C)/C,Prediction,NA
"(8E)-(7R,10R)-dimethylhexadec-8-ene",Olefins,CCCCCC[C@@H](C)/C=C/[C@H](C)CCCCCC,Prediction,NA
"(8E)-(7R,10S)-dimethylhexadec-8-ene",Olefins,CCCCCC[C@@H](C)/C=C/[C@@H](C)CCCCCC,Prediction,NA
"(8E)-(7S,10S)-dimethylhexadec-8-ene",Olefins,CCCCCC[C@H](C)/C=C/[C@@H](C)CCCCCC,Prediction,NA
(8E)-8-propylpentadec-8-ene,Olefins,CCCCCCC/C(=C/CCCCCC)/CCC,Prediction,NA
"(8Z)-(7R,10R)-dimethylhexadec-8-ene",Olefins,CCCCCC[C@@H](C)/C=C\[C@H](C)CCCCCC,Prediction,NA
"(8Z)-(7R,10S)-dimethylhexadec-8-ene",Olefins,CCCCCC[C@@H](C)/C=C\[C@@H](C)CCCCCC,Prediction,NA
"(8Z)-(7S,10S)-dimethylhexadec-8-ene",Olefins,CCCCCC[C@H](C)/C=C\[C@@H](C)CCCCCC,Prediction,NA
(8Z)-8-propylpentadec-8-ene,Olefins,CCCCCCC/C(=C\CCCCCC)/CCC,Prediction,NA
(9E)-9-methylheptadec-9-ene,Olefins,CCCCCCCC/C(=C/CCCCCCC)/C,Prediction,NA
(9Z)-9-methylheptadec-9-ene,Olefins,CCCCCCCC/C(=C\CCCCCCC)/C,Prediction,NA
1-methylcyclohex-1-ene,Olefins,CC1=CCCCC1,Training,272
1-methylcyclopent-1-ene,Olefins,CC1=CCCC1,Training,256
"1,3-dimethylcyclohex-1-ene",Olefins,CC1CCCC(=C1)C,Test,285
2-ethylbut-1-ene,Olefins,CCC(=C)CC,Validation,247
2-ethylpent-1-ene,Olefins,CCCC(=C)CC,Test,263
2-methylbut-1-ene,Olefins,CCC(=C)C,Test,226
2-methylbut-2-ene,Olefins,CC=C(C)C,Validation,228
2-methylhept-1-ene,Olefins,CCCCCC(=C)C,Training,283
2-methylhept-2-ene,Olefins,CCCCC=C(C)C,Training,281
2-methylhex-1-ene,Olefins,CCCCC(=C)C,Validation,267
2-methylpent-1-ene,Olefins,CCCC(=C)C,Training,247
2-methylpent-2-ene,Olefins,CCC=C(C)C,Validation,250
2-methylprop-1-ene,Olefins,CC(=C)C,Training,197
"2,2,6,6,8,8-hexamethyl-4-methylene-nonane",Olefins,C=C(CC(C)(C)C)CC(C)(C)CC(C)(C)C,Prediction,NA
"2,3-dimethylbut-1-ene",Olefins,CC(=C)C(C)C,Training,255
"2,3-dimethylbut-2-ene",Olefins,CC(=C(C)C)C,Training,257
"2,3-dimethylbuta-1,3-diene",Olefins,CC(=C)C(=C)C,Training,251
"2,3-dimethylhex-1-ene",Olefins,CCCC(C)C(=C)C,Training,281
"2,3-dimethylpent-1-ene",Olefins,CCC(C)C(=C)C,Validation,256
"2,3,3-trimethylbut-1-ene",Olefins,CC(=C)C(C)(C)C,Training,256
"2,3,4-trimethylpent-2-ene",Olefins,CC(C)C(=C(C)C)C,Training,275
"2,4,4-trimethylpent-1-ene",Olefins,CC(=C)CC(C)(C)C,Test,268
"2,4,4-trimethylpent-2-ene",Olefins,CC(=CC(C)(C)C)C,Training,272
"2,5-dimethylhexa-1,5-diene",Olefins,CC(=C)CCC(=C)C,Test,280
"2,5-dimethylhexa-2,4-diene",Olefins,CC(=CC=C(C)C)C,Validation,297
"2,6-dimethylhept-1-ene",Olefins,CC(C)CCCC(=C)C,Prediction,NA
3-ethylhex-1-ene,Olefins,CCCC(CC)C=C,Training,274
3-ethylpent-1-ene,Olefins,CCC(CC)C=C,Validation,256
3-ethylpent-2-ene,Olefins,CCC(=CC)CC,Training,267
3-methylbut-1-ene,Olefins,C=CC(C)C,Training,217
"3-methylbuta-1,2-diene",Olefins,C=C=C(C)C,Test,261
3-methylcyclohex-1-ene,Olefins,CC1CCCC=C1,Training,270
3-methylhex-1-ene,Olefins,CC(CCC)C=C,Validation,255
3-methylpent-1-ene,Olefins,CC(CC)C=C,Training,245
"3-methylpenta-1,3-diene",Olefins,CC=C(C)C=C,Training,245
"3,12-diethyltetradeca-3,11-diene",Olefins,CCC(=CCCCCCCC=C(CC)CC)CC,Prediction,NA
"3,3-dimethylbut-1-ene",Olefins,C=CC(C)(C)C,Training,245
4-ethenylcyclohex-1-ene,Olefins,C=CC1CCC=CC1,Training,289
4-methylcyclohex-1-ene,Olefins,CC1CCC=CC1,Prediction,NA
4-methylhept-1-ene,Olefins,CCCC(C)CC=C,Training,275
4-methylhex-1-ene,Olefins,CC(CC=C)CC,Validation,258
4-methylpent-1-ene,Olefins,C=CCC(C)C,Validation,242
"4-methylpenta-1,3-diene",Olefins,C=CC=C(C)C,Training,255
"4,4-dimethylpent-1-ene",Olefins,C=CCC(C)(C)C,Training,261
5-methylhex-1-ene,Olefins,C=CCCC(C)C,Training,263
7-hexylpentadec-7-ene,Olefins,CCCCCCCC=C(CCCCCC)CCCCCC,Prediction,NA
7-methyloct-1-ene,Olefins,C=CCCCCC(C)C,Test,291
7(R)-7-butyltridec-1-ene,Olefins,CCCCCC[C@@H](CCCC)CCCCC=C,Prediction,NA
7(S)-7-butyltridec-1-ene,Olefins,CCCCCC[C@H](CCCC)CCCCC=C,Prediction,NA
but-1-ene,Olefins,CCC=C,Validation,193
"buta-1,3-diene",Olefins,C=CC=C,Training,197
cycloheptene,Olefins,C1CCC=CCC1,Training,267
cyclohexene,Olefins,C1CCC=CC1,Training,243
cyclooctene,Olefins,C1CCCC=CCC1,Training,298
cyclopentene,Olefins,C1CC=CC1,Training,244
dec-1-ene,Olefins,CCCCCCCCC=C,Training,311
"dec-1,9-diene",Olefins,C=CCCCCCCC=C,Prediction,NA
dodec-1-ene,Olefins,CCCCCCCCCCC=C,Training,346
ethenylcyclohexane,Olefins,C=CC1CCCCC1,Prediction,NA
hept-1-ene,Olefins,CCCCCC=C,Training,265
hept-1-yne,Olefins,CCCCCC#C,Prediction,NA
"hepta-1,6-diene",Olefins,C=CCCCC=C,Validation,263
heptadec-1-ene,Olefins,CCCCCCCCCCCCCCCC=C,Test,408
hex-1-ene,Olefins,CCCCC=C,Training,247
"hexa-1,5-diene",Olefins,C=CCCC=C,Validation,246
hexadec-1-ene,Olefins,CCCCCCCCCCCCCCC=C,Training,405
isoprene,Olefins,C=CC(=C)C,Test,219
non-1-ene,Olefins,CCCCCCCC=C,Training,298
"nona-1,8-diene",Olefins,C=CCCCCCC=C,Validation,299
oct-1-ene,Olefins,CCCCCCC=C,Training,281
"octa-1,7-diene",Olefins,C=CCCCCC=C,Training,282
octadec-1-ene,Olefins,CCCCCCCCCCCCCCCCC=C,Training,421
pent-1-ene,Olefins,CCCC=C,Training,222
pentadec-1-ene,Olefins,CCCCCCCCCCCCCC=C,Validation,385
propylene,Olefins,CC=C,Training,165
tetradec-1-ene,Olefins,CCCCCCCCCCCCC=C,Training,370
tridec-1-ene,Olefins,CCCCCCCCCCCC=C,Training,352
undec-1-ene,Olefins,CCCCCCCCCC=C,Validation,327
"(10R,13R)-dimethyldocosane",Paraffins,CCCCCCCCC[C@@H](C)CC[C@H](C)CCCCCCCCC,Prediction,NA
"(10R,13S)-dimethyldocosane",Paraffins,CCCCCCCCC[C@@H](C)CC[C@@H](C)CCCCCCCCC,Prediction,NA
"(10S,13S)-dimethyldocosane",Paraffins,CCCCCCCCC[C@H](C)CC[C@@H](C)CCCCCCCCC,Prediction,NA
"(3R,10R)-dimethylnonadecane",Paraffins,CCCCCCCCCCC[C@@H](C)CCCC[C@H](C)CC,Prediction,NA
"(3R,10S)-dimethylnonadecane",Paraffins,CCCCCCCCCCC[C@H](C)CCCC[C@H](C)CC,Prediction,NA
"(3R,4R)-dimethyltetradecane",Paraffins,CCCCCCCCCC[C@@H](C)[C@H](C)CC,Prediction,NA
"(3R,4S)-dimethyltetradecane",Paraffins,CCCCCCCCCC[C@H](C)[C@H](C)CC,Prediction,NA
"(3R,5R)-dimethyl-11-ethyltridecane",Paraffins,CCC(CC)CCCCC[C@@H](C)C[C@H](C)CC,Prediction,NA
"(3R,5R)-dimethyl-6-ethyltridecane",Paraffins,CCCCCCCC(CC)[C@H](C)C[C@H](C)CC,Prediction,NA
"(3R,5R)-dimethyl-6(R)-ethylnonane",Paraffins,CCC[C@@H](CC)[C@H](C)C[C@H](C)CC,Prediction,NA
"(3R,5R)-dimethyl-9-ethylundecane",Paraffins,CCC(CC)CCC[C@@H](C)C[C@H](C)CC,Prediction,NA
"(3R,5R)-dimethylnonane",Paraffins,CCCC[C@@H](C)C[C@H](C)CC,Prediction,NA
"(3R,5S,6R)-trimethyloctane",Paraffins,CC[C@@H](C)C[C@@H](C)[C@H](C)CC,Prediction,NA
"(3R,5S)-dimethyl-11-ethyltridecane",Paraffins,CCC(CC)CCCCC[C@H](C)C[C@H](C)CC,Prediction,NA
"(3R,5S)-dimethyl-6-ethyltridecane",Paraffins,CCCCCCCC(CC)[C@@H](C)C[C@H](C)CC,Prediction,NA
"(3R,5S)-dimethyl-6(R)-ethylundecane",Paraffins,CCCCC[C@@H](CC)[C@H](C)C[C@H](C)CC,Prediction,NA
"(3R,5S)-dimethyl-9-ethylundecane",Paraffins,CCC(CC)CCC[C@H](C)C[C@H](C)CC,Prediction,NA
"(3R,5S)-dimethylnonane",Paraffins,CCCC[C@H](C)C[C@H](C)CC,Prediction,NA
"(3R,6R)-dimethylundecane",Paraffins,CCCCC[C@@H](C)CC[C@H](C)CC,Prediction,NA
"(3R,6S)-dimethylundecane",Paraffins,CCCCC[C@H](C)CC[C@H](C)CC,Prediction,NA
"(3R,7R)-dimethyltridecane",Paraffins,CCCCCC[C@@H](C)CCC[C@H](C)CC,Prediction,NA
"(3R,7S)-dimethyltridecane",Paraffins,CCCCCC[C@H](C)CCC[C@H](C)CC,Prediction,NA
"(3R,8R)-dimethylpentadecane",Paraffins,CCCCCCC[C@@H](C)CCCC[C@H](C)CC,Prediction,NA
"(3R,8S)-dimethylpentadecane",Paraffins,CCCCCCC[C@H](C)CCCC[C@H](C)CC,Prediction,NA
"(3R,9R)-dimethylheptadecane",Paraffins,CCCCCCCCC[C@@H](C)CCCC[C@H](C)CC,Prediction,NA
"(3R,9S)-dimethylheptadecane",Paraffins,CCCCCCCCC[C@H](C)CCCC[C@H](C)CC,Prediction,NA
"(3S,10R)-dimethylnonadecane",Paraffins,CCCCCCCCCCC[C@@H](C)CCCC[C@@H](C)CC,Prediction,NA
"(3S,10S)-dimethylnonadecane",Paraffins,CCCCCCCCCCC[C@H](C)CCCC[C@@H](C)CC,Prediction,NA
"(3S,4R)-dimethyltetradecane",Paraffins,CCCCCCCCCC[C@@H](C)[C@@H](C)CC,Prediction,NA
"(3S,4S)-dimethyltetradecane",Paraffins,CCCCCCCCCC[C@H](C)[C@@H](C)CC,Prediction,NA
"(3S,5R)-dimethyl-11-ethyltridecane",Paraffins,CCC(CC)CCCCC[C@@H](C)C[C@@H](C)CC,Prediction,NA
"(3S,5R)-dimethyl-6-ethyltridecane",Paraffins,CCCCCCCC(CC)[C@H](C)C[C@@H](C)CC,Prediction,NA
"(3S,5R)-dimethyl-9-ethylundecane",Paraffins,CCC(CC)CCC[C@@H](C)C[C@@H](C)CC,Prediction,NA
"(3S,5R)-dimethylnonane",Paraffins,CCCC[C@@H](C)C[C@@H](C)CC,Prediction,NA
"(3S,5S)-dimethyl-11-ethyltridecane",Paraffins,CCC(CC)CCCCC[C@H](C)C[C@@H](C)CC,Prediction,NA
"(3S,5S)-dimethyl-6-ethyltridecane",Paraffins,CCCCCCCC(CC)[C@@H](C)C[C@@H](C)CC,Prediction,NA
"(3S,5S)-dimethyl-9-ethylundecane",Paraffins,CCC(CC)CCC[C@H](C)C[C@@H](C)CC,Prediction,NA
"(3S,5S)-dimethylnonane",Paraffins,CCCC[C@H](C)C[C@@H](C)CC,Prediction,NA
"(3S,6R)-dimethylundecane",Paraffins,CCCCC[C@@H](C)CC[C@@H](C)CC,Prediction,NA
"(3S,6S)-dimethylundecane",Paraffins,CCCCC[C@H](C)CC[C@@H](C)CC,Prediction,NA
"(3S,7R)-dimethyltridecane",Paraffins,CCCCCC[C@@H](C)CCC[C@@H](C)CC,Prediction,NA
"(3S,7S)-dimethyltridecane",Paraffins,CCCCCC[C@H](C)CCC[C@@H](C)CC,Prediction,NA
"(3S,8R)-dimethylpentadecane",Paraffins,CCCCCCC[C@@H](C)CCCC[C@@H](C)CC,Prediction,NA
"(3S,8S)-dimethylpentadecane",Paraffins,CCCCCCC[C@H](C)CCCC[C@@H](C)CC,Prediction,NA
"(3S,9R)-dimethylheptadecane",Paraffins,CCCCCCCCC[C@@H](C)CCCC[C@@H](C)CC,Prediction,NA
"(3S,9S)-dimethylheptadecane",Paraffins,CCCCCCCCC[C@H](C)CCCC[C@@H](C)CC,Prediction,NA
"(4R,5R)-diethyloctane",Paraffins,CCC[C@@H](CC)[C@H](CC)CCC,Prediction,NA
"(4R,5S)-diethyloctane",Paraffins,CCC[C@@H](CC)[C@@H](CC)CCC,Prediction,NA
"(4S,5S)-diethyloctane",Paraffins,CCC[C@H](CC)[C@@H](CC)CCC,Prediction,NA
"(5R,6R)-dimethyltetradecane",Paraffins,CCCCCCCC[C@@H](C)[C@H](C)CCCC,Prediction,NA
"(5R,6S)-dimethyltetradecane",Paraffins,CCCCCCCC[C@H](C)[C@H](C)CCCC,Prediction,NA
"(5S,6R)-dimethyltetradecane",Paraffins,CCCCCCCC[C@@H](C)[C@@H](C)CCCC,Prediction,NA
"(5S,6S)-dimethyltetradecane",Paraffins,CCCCCCCC[C@H](C)[C@@H](C)CCCC,Prediction,NA
"(7R,8R)-diethyltetradecane",Paraffins,CCCCCC[C@@H](CC)[C@H](CC)CCCCCC,Prediction,NA
"(7R,8R)-dimethyltetradecane",Paraffins,CCCCCC[C@@H](C)[C@H](C)CCCCCC,Prediction,NA
"(7R,8S)-diethyltetradecane",Paraffins,CCCCCC[C@@H](CC)[C@@H](CC)CCCCCC,Prediction,NA
"(7R,8S)-dimethyltetradecane",Paraffins,CCCCCC[C@@H](C)[C@@H](C)CCCCCC,Prediction,NA
"(7S,8S)-diethyltetradecane",Paraffins,CCCCCC[C@H](CC)[C@@H](CC)CCCCCC,Prediction,NA
"(7S,8S)-dimethyltetradecane",Paraffins,CCCCCC[C@H](C)[C@@H](C)CCCCCC,Prediction,NA
"(9R,10R)-dimethyloctadecane",Paraffins,CCCCCCCC[C@@H](C)[C@H](C)CCCCCCCC,Prediction,NA
"(9R,10R)-dipropyloctadecane",Paraffins,CCCCCCCC[C@@H](CCC)[C@H](CCC)CCCCCCCC,Prediction,NA
"(9R,10S)-dimethyloctadecane",Paraffins,CCCCCCCC[C@@H](C)[C@@H](C)CCCCCCCC,Prediction,NA
"(9R,10S)-dipropyloctadecane",Paraffins,CCCCCCCC[C@@H](CCC)[C@@H](CCC)CCCCCCCC,Prediction,NA
"(9S,10S)-dimethyloctadecane",Paraffins,CCCCCCCC[C@H](C)[C@@H](C)CCCCCCCC,Prediction,NA
"(9S,10S)-dipropyloctadecane",Paraffins,CCCCCCCC[C@H](CCC)[C@@H](CCC)CCCCCCCC,Prediction,NA
2-methyl-3-ethylheptane,Paraffins,CCCCC(CC)C(C)C,Prediction,NA
2-methyl-3-ethylhexane,Paraffins,CCCC(CC)C(C)C,Prediction,NA
2-methyl-4-ethylheptane,Paraffins,CCCC(CC)CC(C)C,Prediction,NA
2-methyl-4-ethylhexane,Paraffins,CCC(CC)CC(C)C,Prediction,NA
2-methyldecane,Paraffins,CCCCCCCCC(C)C,Prediction,NA
2-methyldodecane,Paraffins,CCCCCCCCCCC(C)C,Prediction,NA
2-methyleicosane,Paraffins,CCCCCCCCCCCCCCCCCCC(C)C,Prediction,NA
2-methylheptadecane,Paraffins,CCCCCCCCCCCCCCCC(C)C,Prediction,NA
2-methylheptane,Paraffins,CCCCCC(C)C,Test,277
2-methylhexadecane,Paraffins,CCCCCCCCCCCCCCC(C)C,Prediction,NA
2-methylhexane,Paraffins,CCCCC(C)C,Training,255
2-methylnonadecane,Paraffins,CCCCCCCCCCCCCCCCCC(C)C,Prediction,NA
2-methylnonane,Paraffins,CCCCCCCC(C)C,Validation,314
2-methyloctadecane,Paraffins,CCCCCCCCCCCCCCCCC(C)C,Prediction,NA
2-methyloctane,Paraffins,CCCCCCC(C)C,Training,297
2-methylpentadecane,Paraffins,CCCCCCCCCCCCCC(C)C,Prediction,NA
2-methyltetradecane,Paraffins,CCCCCCCCCCCCC(C)C,Prediction,NA
2-methyltridecane,Paraffins,CCCCCCCCCCCC(C)C,Prediction,NA
2-methylundecane,Paraffins,CCCCCCCCCC(C)C,Prediction,NA
"2,2-dimethylbutane",Paraffins,CCC(C)(C)C,Training,225
"2,2-dimethyldecane",Paraffins,CCCCCCCCC(C)(C)C,Prediction,NA
"2,2-dimethylheptane",Paraffins,CCCCCC(C)(C)C,Test,297
"2,2-dimethylhexane",Paraffins,CCCCC(C)(C)C,Training,269
"2,2-dimethyloctane",Paraffins,CCCCCCC(C)(C)C,Training,304
"2,2-dimethylpentane",Paraffins,CCCC(C)(C)C,Training,258
"2,2-dimethylpropane",Paraffins,CC(C)(C)C,Validation,208
"2,2,3-trimethylbutane",Paraffins,CC(C)C(C)(C)C,Training,249
"2,2,3-trimethylhexane",Paraffins,CCCC(C)C(C)(C)C,Validation,288
"2,2,3-trimethylpentane",Paraffins,CCC(C)C(C)(C)C,Training,270
"2,2,3,3-tetramethylbutane",Paraffins,CC(C)(C)C(C)(C)C,Training,278
"2,2,3,3-tetramethylhexane",Paraffins,CCCC(C)(C)C(C)(C)C,Training,304
"2,2,3,3-tetramethylpentane",Paraffins,CCC(C)(C)C(C)(C)C,Training,289
"2,2,3,4-tetramethylhexane",Paraffins,CCC(C)C(C)C(C)(C)C,Training,304
"2,2,3,4-tetramethylpentane",Paraffins,CC(C)C(C)C(C)(C)C,Training,284
"2,2,4-trimethylhexane",Paraffins,CCC(C)CC(C)(C)C,Training,288
"2,2,4-trimethylpentane",Paraffins,CC(C)CC(C)(C)C,Training,261
"2,2,4,4-tetramethylhexane",Paraffins,CCC(C)(C)CC(C)(C)C,Test,304
"2,2,4,4-tetramethylpentane",Paraffins,CC(C)(C)CC(C)(C)C,Training,276
"2,2,4,4,6,8,8-heptamethylnonane",Paraffins,CC(CC(C)(C)C)CC(C)(C)CC(C)(C)C,Training,368
"2,2,4,4,6(R),8,8-heptamethylnonane",Paraffins,C[C@H](CC(C)(C)C)CC(C)(C)CC(C)(C)C,Prediction,NA
"2,2,4,4,6(S),8,8-heptamethylnonane",Paraffins,C[C@@H](CC(C)(C)C)CC(C)(C)CC(C)(C)C,Prediction,NA
"2,2,4,6,6-pentamethylheptane",Paraffins,CC(CC(C)(C)C)CC(C)(C)C,Prediction,NA
"2,2,5-trimethylhexane",Paraffins,CC(C)CCC(C)(C)C,Test,286
"2,2,5,5-tetramethylhexane",Paraffins,CC(C)(C)CCC(C)(C)C,Training,289
"2,3-dimethylbutane",Paraffins,CC(C)C(C)C,Training,244
"2,3-dimethyldecane",Paraffins,CCCCCCCC(C)C(C)C,Prediction,NA
"2,3-dimethylheptane",Paraffins,CCCCC(C)C(C)C,Training,288
"2,3-dimethylhexane",Paraffins,CCCC(C)C(C)C,Training,278
"2,3-dimethyloctane",Paraffins,CCCCCC(C)C(C)C,Training,309
"2,3-dimethylpentane",Paraffins,CCC(C)C(C)C,Training,258
"2,3,3-trimethylhexane",Paraffins,CCCC(C)(C)C(C)C,Training,288
"2,3,3-trimethylpentane",Paraffins,CCC(C)(C)C(C)C,Training,273
"2,3,3,4-tetramethylhexane",Paraffins,CCC(C)C(C)(C)C(C)C,Training,304
"2,3,3,4-tetramethylpentane",Paraffins,CC(C)C(C)(C)C(C)C,Training,284
"2,3,4-trimethylhexane",Paraffins,CCC(C)C(C)C(C)C,Validation,288
"2,3,4-trimethylpentane",Paraffins,CC(C)C(C)C(C)C,Training,273
"2,3,4,4-tetramethylhexane",Paraffins,CCC(C)(C)C(C)C(C)C,Validation,304
"2,3,4,5-tetramethylhexane",Paraffins,CC(C)C(C)C(C)C(C)C,Validation,304
"2,3,5-trimethylheptane",Paraffins,CCC(C)CC(C)C(C)C,Training,304
"2,3,5-trimethylhexane",Paraffins,CC(C)CC(C)C(C)C,Validation,288
"2,3(R)-dimethylpentane",Paraffins,CC[C@@H](C)C(C)C,Prediction,NA
"2,3(R),4,5(R),6-pentamethylheptane",Paraffins,C[C@H](C(C)C)C(C)[C@H](C)C(C)C,Prediction,NA
"2,3(R),4,5(S),6-pentamethylheptane",Paraffins,C[C@H](C(C)C)C(C)[C@@H](C)C(C)C,Prediction,NA
"2,3(S)-dimethylpentane",Paraffins,CC[C@H](C)C(C)C,Prediction,NA
"2,3(S),4,5(S),6-pentamethylheptane",Paraffins,C[C@@H](C(C)C)C(C)[C@@H](C)C(C)C,Prediction,NA
"2,4-dimethyldecane",Paraffins,CCCCCCC(C)CC(C)C,Prediction,NA
"2,4-dimethylheptane",Paraffins,CCCC(C)CC(C)C,Training,288
"2,4-dimethylhexane",Paraffins,CCC(C)CC(C)C,Test,283
"2,4-dimethylpentane",Paraffins,CC(C)CC(C)C,Training,261
"2,4,4-trimethylhexane",Paraffins,CCC(C)(C)CC(C)C,Validation,288
"2,4,5-trimethylheptane",Paraffins,CCC(C)C(C)CC(C)C,Training,304
"2,4,6-trimethylheptane",Paraffins,CC(C)CC(C)CC(C)C,Training,304
"2,5-dimethyldecane",Paraffins,CCCCCC(C)CCC(C)C,Prediction,NA
"2,5-dimethylheptane",Paraffins,CCC(C)CCC(C)C,Validation,288
"2,5-dimethylhexane",Paraffins,CC(C)CCC(C)C,Training,271
"2,5(R)-dimethylundecane",Paraffins,CCCCCC[C@@H](C)CCC(C)C,Prediction,NA
"2,5(S)-dimethylundecane",Paraffins,CCCCCC[C@H](C)CCC(C)C,Prediction,NA
"2,6-dimethyldecane",Paraffins,CCCCC(C)CCCC(C)C,Prediction,NA
"2,6-dimethylheptane",Paraffins,CC(C)CCCC(C)C,Training,299
"2,6-dimethyloctane",Paraffins,CCC(C)CCCC(C)C,Training,307
"2,6,10,15,19,23-hexamethyltetracosane",Paraffins,CC(CCCCC(C)CCCC(C)CCCC(C)C)CCCC(C)CCCC(C)C,Training,490
"2,7-dimethyl-(4R,5R)-diethyloctane",Paraffins,CC[C@H](CC(C)C)[C@H](CC)CC(C)C,Prediction,NA
"2,7-dimethyl-(4R,5S)-diethyloctane",Paraffins,CC[C@H](CC(C)C)[C@@H](CC)CC(C)C,Prediction,NA
"2,7-dimethyl-(4S,5S)-diethyloctane",Paraffins,CC[C@@H](CC(C)C)[C@@H](CC)CC(C)C,Prediction,NA
"2,7-dimethyldecane",Paraffins,CCCC(C)CCCCC(C)C,Prediction,NA
"2,7-dimethyloctane",Paraffins,CC(C)CCCCC(C)C,Training,314
"2,8-dimethyldecane",Paraffins,CCC(C)CCCCCC(C)C,Prediction,NA
"2,9-dimethyl-5,6-diisoamyldecane",Paraffins,CC(C)CCC(CCC(C)C)C(CCC(C)C)CCC(C)C,Prediction,NA
"2,9-dimethyldecane",Paraffins,CC(C)CCCCCCC(C)C,Prediction,NA
3-ethyl-2-methylpentane,Paraffins,CCC(CC)C(C)C,Training,276
"3-ethyl-2,2-dimethylhexane",Paraffins,CCCC(CC)C(C)(C)C,Validation,311
"3-ethyl-2,2-dimethylpentane",Paraffins,CCC(CC)C(C)(C)C,Training,286
"3-ethyl-2,3-dimethylpentane",Paraffins,CCC(C)(CC)C(C)C,Training,288
"3-ethyl-2,3,4-trimethylpentane",Paraffins,CCC(C)(C(C)C)C(C)C,Training,304
"3-ethyl-2,4-dimethylpentane",Paraffins,CCC(C(C)C)C(C)C,Training,288
3-ethyl-3-methylheptane,Paraffins,CCCCC(C)(CC)CC,Training,314
3-ethyl-3-methylpentane,Paraffins,CCC(C)(CC)CC,Training,276
3-ethyl-4-methylhexane,Paraffins,CCC(CC)C(C)CC,Test,288
3-ethyl-5-methylheptane,Paraffins,CCC(C)CC(CC)CC,Training,304
3-ethyldecane,Paraffins,CCCCCCCC(CC)CC,Prediction,NA
3-ethyldodecane,Paraffins,CCCCCCCCCC(CC)CC,Prediction,NA
3-ethyleicosane,Paraffins,CCCCCCCCCCCCCCCCCC(CC)CC,Prediction,NA
3-ethylheptadecane,Paraffins,CCCCCCCCCCCCCCC(CC)CC,Prediction,NA
3-ethylheptane,Paraffins,CCCCC(CC)CC,Prediction,NA
3-ethylhexadecane,Paraffins,CCCCCCCCCCCCCC(CC)CC,Prediction,NA
3-ethylhexane,Paraffins,CCCC(CC)CC,Training,278
3-ethylnonadecane,Paraffins,CCCCCCCCCCCCCCCCC(CC)CC,Prediction,NA
3-ethylnonane,Paraffins,CCCCCCC(CC)CC,Prediction,NA
3-ethyloctadecane,Paraffins,CCCCCCCCCCCCCCCC(CC)CC,Prediction,NA
3-ethyloctane,Paraffins,CCCCCC(CC)CC,Prediction,NA
3-ethylpentadecane,Paraffins,CCCCCCCCCCCCC(CC)CC,Prediction,NA
3-ethylpentane,Paraffins,CCC(CC)CC,Test,261
3-ethyltetradecane,Paraffins,CCCCCCCCCCCC(CC)CC,Prediction,NA
3-ethyltridecane,Paraffins,CCCCCCCCCCC(CC)CC,Prediction,NA
3-ethylundecane,Paraffins,CCCCCCCCC(CC)CC,Prediction,NA
3-methyl-3-ethylheptane,Paraffins,CCCCC(C)(CC)CC,Prediction,NA
3-methyl-3-ethylhexane,Paraffins,CCCC(C)(CC)CC,Prediction,NA
3-methyldecane,Paraffins,CCCCCCCC(C)CC,Prediction,NA
3-methyldodecane,Paraffins,CCCCCCCCCC(C)CC,Prediction,NA
3-methyleicosane,Paraffins,CCCCCCCCCCCCCCCCCC(C)CC,Prediction,NA
3-methylheptane,Paraffins,CCCCC(C)CC,Validation,279
3-methylhexadecane,Paraffins,CCCCCCCCCCCCCC(C)CC,Prediction,NA
3-methylhexane,Paraffins,CCCC(C)CC,Training,269
3-methylnonane,Paraffins,CCCCCCC(C)CC,Training,311
3-methyloctadecane,Paraffins,CCCCCCCCCCCCCCCC(C)CC,Prediction,NA
3-methyloctane,Paraffins,CCCCCC(C)CC,Training,297
3-methylpentane,Paraffins,CCC(C)CC,Validation,241
"3,3-diethylpentane",Paraffins,CCC(CC)(CC)CC,Training,294
"3,3-dimethylhexane",Paraffins,CCCC(C)(C)CC,Validation,272
"3,3-dimethyloctane",Paraffins,CCCCCC(C)(C)CC,Training,314
"3,3-dimethylpentane",Paraffins,CCC(C)(C)CC,Validation,254
"3,3,4-trimethylhexane",Paraffins,CCC(C)C(C)(C)CC,Validation,288
"3,3,4,4-tetramethylhexane",Paraffins,CCC(C)(C)C(C)(C)CC,Training,304
"3,3,5-trimethylheptane",Paraffins,CCC(C)CC(C)(C)CC,Test,304
"3,4-dimethylheptane",Paraffins,CCCC(C)C(C)CC,Validation,288
"3,4-dimethylhexane",Paraffins,CCC(C)C(C)CC,Training,277
"3,4,5-trimethylheptane",Paraffins,CCC(C)C(C)C(C)CC,Training,304
"3,5-dimethylheptane",Paraffins,CCC(C)CC(C)CC,Validation,288
"3,5-dimethyloctane",Paraffins,CCCC(C)CC(C)CC,Training,314
3(R)-methyl-4-ethylhexane,Paraffins,CCC(CC)[C@H](C)CC,Prediction,NA
3(R)-methylheptadecane,Paraffins,CCCCCCCCCCCCCC[C@H](C)CC,Prediction,NA
3(R)-methylnonadecane,Paraffins,CCCCCCCCCCCCCCCC[C@H](C)CC,Prediction,NA
3(R)-methylpentadecane,Paraffins,CCCCCCCCCCCC[C@H](C)CC,Prediction,NA
3(R)-methyltetradecane,Paraffins,CCCCCCCCCCC[C@H](C)CC,Prediction,NA
3(R)-methyltridecane,Paraffins,CCCCCCCCCC[C@H](C)CC,Prediction,NA
3(R)-methylundecane,Paraffins,CCCCCCCC[C@H](C)CC,Prediction,NA
3(S)-methyl-4-ethylhexane,Paraffins,CCC(CC)[C@@H](C)CC,Prediction,NA
3(S)-methylheptadecane,Paraffins,CCCCCCCCCCCCCC[C@@H](C)CC,Prediction,NA
3(S)-methylnonadecane,Paraffins,CCCCCCCCCCCCCCCC[C@@H](C)CC,Prediction,NA
3(S)-methylpentadecane,Paraffins,CCCCCCCCCCCC[C@@H](C)CC,Prediction,NA
3(S)-methyltetradecane,Paraffins,CCCCCCCCCCC[C@@H](C)CC,Prediction,NA
3(S)-methyltridecane,Paraffins,CCCCCCCCCC[C@@H](C)CC,Prediction,NA
3(S)-methylundecane,Paraffins,CCCCCCCC[C@@H](C)CC,Prediction,NA
4-ethyl-3-methylheptane,Paraffins,CCCC(CC)C(C)CC,Validation,314
4-ethyldecane,Paraffins,CCCCCCC(CC)CCC,Prediction,NA
4-ethylheptane,Paraffins,CCCC(CC)CCC,Training,288
4-ethylnonane,Paraffins,CCCCCC(CC)CCC,Prediction,NA
4-ethyloctane,Paraffins,CCCCC(CC)CCC,Training,314
4-methyl-4-ethylheptane,Paraffins,CCCC(C)(CC)CCC,Prediction,NA
4-methyl-5-ethylheptane,Paraffins,CCCC(C)C(CC)CC,Prediction,NA
4-methyldecane,Paraffins,CCCCCCC(C)CCC,Prediction,NA
4-methylheptane,Paraffins,CCCC(C)CCC,Training,279
4-methylnonane,Paraffins,CCCCCC(C)CCC,Training,311
4-methyloctane,Paraffins,CCCCC(C)CCC,Test,295
4-methylundecane,Paraffins,CCCCCCCC(C)CCC,Prediction,NA
4-propyldecane,Paraffins,CCCCCCC(CCC)CCC,Prediction,NA
4-propyldodecane,Paraffins,CCCCCCCCC(CCC)CCC,Prediction,NA
4-propyleicosane,Paraffins,CCCCCCCCCCCCCCCCC(CCC)CCC,Prediction,NA
4-propylheptadecane,Paraffins,CCCCCCCCCCCCCC(CCC)CCC,Prediction,NA
4-propylheptane,Paraffins,CCCC(CCC)CCC,Training,314
4-propylhexadecane,Paraffins,CCCCCCCCCCCCC(CCC)CCC,Prediction,NA
4-propylnonadecane,Paraffins,CCCCCCCCCCCCCCCC(CCC)CCC,Prediction,NA
4-propylnonane,Paraffins,CCCCCC(CCC)CCC,Prediction,NA
4-propyloctadecane,Paraffins,CCCCCCCCCCCCCCC(CCC)CCC,Prediction,NA
4-propyloctane,Paraffins,CCCCC(CCC)CCC,Prediction,NA
4-propylpentadecane,Paraffins,CCCCCCCCCCCC(CCC)CCC,Prediction,NA
4-propyltetradecane,Paraffins,CCCCCCCCCCC(CCC)CCC,Prediction,NA
4-propyltridecane,Paraffins,CCCCCCCCCC(CCC)CCC,Prediction,NA
4-propylundecane,Paraffins,CCCCCCCC(CCC)CCC,Prediction,NA
"4,4-dimethylheptane",Paraffins,CCCC(C)(C)CCC,Training,288
4(R)-butyldodecane,Paraffins,CCCCCCCC[C@H](CCC)CCCC,Prediction,NA
4(R)-ethyltetradecane,Paraffins,CCCCCCCCCC[C@H](CC)CCC,Prediction,NA
4(R)-methylheptadecane,Paraffins,CCCCCCCCCCCCC[C@H](C)CCC,Prediction,NA
4(R)-methylnonane,Paraffins,CCCCC[C@H](C)CCC,Prediction,NA
4(R)-methylpentadecane,Paraffins,CCCCCCCCCCC[C@H](C)CCC,Prediction,NA
4(S)-butyldodecane,Paraffins,CCCCCCCC[C@@H](CCC)CCCC,Prediction,NA
4(S)-ethyltetradecane,Paraffins,CCCCCCCCCC[C@@H](CC)CCC,Prediction,NA
4(S)-methylheptadecane,Paraffins,CCCCCCCCCCCCC[C@@H](C)CCC,Prediction,NA
4(S)-methylnonane,Paraffins,CCCCC[C@@H](C)CCC,Prediction,NA
4(S)-methylpentadecane,Paraffins,CCCCCCCCCCC[C@@H](C)CCC,Prediction,NA
5-butyldodecane,Paraffins,CCCCCCCC(CCCC)CCCC,Prediction,NA
5-butylnonane,Paraffins,CCCCC(CCCC)CCCC,Prediction,NA
5-methylnonane,Paraffins,CCCCC(C)CCCC,Training,312
"5,6-dibutyldecane",Paraffins,CCCCC(CCCC)C(CCCC)CCCC,Prediction,NA
5(R)-ethyltetradecane,Paraffins,CCCCCCCCC[C@H](CC)CCCC,Prediction,NA
5(R)-methyldodecane,Paraffins,CCCCCCC[C@H](C)CCCC,Prediction,NA
5(R)-methylheptadecane,Paraffins,CCCCCCCCCCCC[C@H](C)CCCC,Prediction,NA
5(R)-methylpentadecane,Paraffins,CCCCCCCCCC[C@H](C)CCCC,Prediction,NA
5(R)-propyldecane,Paraffins,CCCCC[C@H](CCC)CCCC,Prediction,NA
5(S)-ethyltetradecane,Paraffins,CCCCCCCCC[C@@H](CC)CCCC,Prediction,NA
5(S)-methyldodecane,Paraffins,CCCCCCC[C@@H](C)CCCC,Prediction,NA
5(S)-methylheptadecane,Paraffins,CCCCCCCCCCCC[C@@H](C)CCCC,Prediction,NA
5(S)-methylpentadecane,Paraffins,CCCCCCCCCC[C@@H](C)CCCC,Prediction,NA
5(S)-propyldecane,Paraffins,CCCCC[C@@H](CCC)CCCC,Prediction,NA
6(R)-butyldodecane,Paraffins,CCCCCC[C@H](CCCC)CCCCC,Prediction,NA
6(R)-ethyltetradecane,Paraffins,CCCCCCCC[C@H](CC)CCCCC,Prediction,NA
6(R)-methylheptadecane,Paraffins,CCCCCCCCCCC[C@H](C)CCCCC,Prediction,NA
6(R)-methylpentadecane,Paraffins,CCCCCCCCC[C@H](C)CCCCC,Prediction,NA
6(S)-butyldodecane,Paraffins,CCCCCC[C@@H](CCCC)CCCCC,Prediction,NA
6(S)-ethyltetradecane,Paraffins,CCCCCCCC[C@@H](CC)CCCCC,Prediction,NA
6(S)-methylheptadecane,Paraffins,CCCCCCCCCCC[C@@H](C)CCCCC,Prediction,NA
6(S)-methylpentadecane,Paraffins,CCCCCCCCC[C@@H](C)CCCCC,Prediction,NA
7-butyltridecane,Paraffins,CCCCCCC(CCCC)CCCCCC,Prediction,NA
7-hexylpentadecane,Paraffins,CCCCCCCCC(CCCCCC)CCCCCC,Prediction,NA
7-propyltridecane,Paraffins,CCCCCCC(CCC)CCCCCC,Prediction,NA
7(R)-ethyltetradecane,Paraffins,CCCCCCC[C@@H](CC)CCCCCC,Prediction,NA
7(R)-methylheptadecane,Paraffins,CCCCCCCCCC[C@H](C)CCCCCC,Prediction,NA
7(R)-methylpentadecane,Paraffins,CCCCCCCC[C@H](C)CCCCCC,Prediction,NA
7(S)-ethyltetradecane,Paraffins,CCCCCCC[C@H](CC)CCCCCC,Prediction,NA
7(S)-methylheptadecane,Paraffins,CCCCCCCCCC[C@@H](C)CCCCCC,Prediction,NA
7(S)-methylpentadecane,Paraffins,CCCCCCCC[C@@H](C)CCCCCC,Prediction,NA
8-methylpentadecane,Paraffins,CCCCCCCC(C)CCCCCCC,Prediction,NA
8-propylpentadecane,Paraffins,CCCCCCCC(CCC)CCCCCCC,Prediction,NA
8(R)-methylheptadecane,Paraffins,CCCCCCCCC[C@H](C)CCCCCCC,Prediction,NA
8(S)-methylheptadecane,Paraffins,CCCCCCCCC[C@@H](C)CCCCCCC,Prediction,NA
9-heptylheptadecane,Paraffins,CCCCCCCCC(CCCCCCC)CCCCCCCC,Prediction,NA
9-methylheptadecane,Paraffins,CCCCCCCCC(C)CCCCCCCC,Prediction,NA
ethane,Paraffins,CC,Prediction,NA
isobutane,Paraffins,CC(C)C,Training,190
isohexane,Paraffins,CCCC(C)C,Training,250
isopentane,Paraffins,CCC(C)C,Training,217
methane,Paraffins,C,Prediction,NA
n-butane,Paraffins,CCCC,Prediction,NA
n-decane,Paraffins,CCCCCCCCCC,Training,319
n-dodecane,Paraffins,CCCCCCCCCCCC,Training,347
n-eicosane,Paraffins,CCCCCCCCCCCCCCCCCCCC,Prediction,NA
n-heptadecane,Paraffins,CCCCCCCCCCCCCCCCC,Training,421
n-heptane,Paraffins,CCCCCCC,Test,269
n-hexadecane,Paraffins,CCCCCCCCCCCCCCCC,Validation,408
n-hexane,Paraffins,CCCCCC,Training,252
n-nonadecane,Paraffins,CCCCCCCCCCCCCCCCCCC,Training,441
n-nonane,Paraffins,CCCCCCCCC,Validation,304
n-octadecane,Paraffins,CCCCCCCCCCCCCCCCCC,Training,438
n-octane,Paraffins,CCCCCCCC,Training,286
n-pentadecane,Paraffins,CCCCCCCCCCCCCCC,Training,388
n-pentane,Paraffins,CCCCC,Test,233
n-propane,Paraffins,CCC,Prediction,NA
n-tetradecane,Paraffins,CCCCCCCCCCCCCC,Test,373
n-tridecane,Paraffins,CCCCCCCCCCCCC,Training,352
n-undecane,Paraffins,CCCCCCCCCCC,Training,338
